level,word,dupes,ids,dates
4,implications,12,df365ea8-89ce-4f2e-a56d-4252d4de0845|9906089d-850e-46f6-b53d-86de81d77c91|e1fd0d83-fea4-486e-ae79-7eb07fa832db|33a60aa0-3a1e-4637-a44d-fd5773eefcf4|fc90113c-ae03-41b6-81e8-830ad41c5e45|12f381d0-831a-4bb6-9aad-978cf4658054|208cc662-fad4-4a7a-b443-1627547ac486|a9c6f622-b991-4add-9100-dae050d8feb6|36bed955-7718-46f2-a413-27d2c8b2fb6b|95dc6f6b-8016-44ff-b093-4087a03f0be1|cfba3a92-1e6a-4ed0-83e3-c6e5f25e01b9|093f2ee1-c951-4f06-a1aa-fa069933d37e,Wed Mar 18 2026 00:00:00 GMT+0300 (Arabian Standard Time)|Wed Mar 18 2026 00:00:00 GMT+0300 (Arabian Standard Time)|Wed Mar 18 2026 00:00:00 GMT+0300 (Arabian Standard Time)|Wed Mar 18 2026 00:00:00 GMT+0300 (Arabian Standard Time)|Thu Mar 19 2026 00:00:00 GMT+0300 (Arabian Standard Time)|Thu Mar 19 2026 00:00:00 GMT+0300 (Arabian Standard Time)|Thu Mar 19 2026 00:00:00 GMT+0300 (Arabian Standard Time)|Thu Mar 19 2026 00:00:00 GMT+0300 (Arabian Standard Time)|Thu Mar 19 2026 00:00:00 GMT+0300 (Arabian Standard Time)|Thu Mar 19 2026 00:00:00 GMT+0300 (Arabian Standard Time)|Thu Mar 19 2026 00:00:00 GMT+0300 (Arabian Standard Time)|Thu Mar 19 2026 00:00:00 GMT+0300 (Arabian Standard Time)
4,paradigm,10,771d0262-d3a0-4578-98c4-d63366b1137e|2c78ff2d-861d-4658-9d42-ed6820daa200|5985044f-528f-485d-be24-b77ac881288e|98728267-9f26-47d4-9d9b-f07545177c09|cf7cbacc-c892-48b1-b395-e2142643a11e|9a7c542a-a142-4044-a061-cd3c3c528825|557c0369-2265-48bf-8e55-1e0f916dc712|29377894-384a-48fe-aea4-78954bd5a6f2|8c104a85-83b2-4b9e-a147-62cc447456c7|388a3b0c-16fe-46fb-a342-30cf5b854742,Wed Mar 18 2026 00:00:00 GMT+0300 (Arabian Standard Time)|Wed Mar 18 2026 00:00:00 GMT+0300 (Arabian Standard Time)|Wed Mar 18 2026 00:00:00 GMT+0300 (Arabian Standard Time)|Wed Mar 18 2026 00:00:00 GMT+0300 (Arabian Standard Time)|Wed Mar 18 2026 00:00:00 GMT+0300 (Arabian Standard Time)|Wed Mar 18 2026 00:00:00 GMT+0300 (Arabian Standard Time)|Wed Mar 18 2026 00:00:00 GMT+0300 (Arabian Standard Time)|Thu Mar 19 2026 00:00:00 GMT+0300 (Arabian Standard Time)|Thu Mar 19 2026 00:00:00 GMT+0300 (Arabian Standard Time)|Thu Mar 19 2026 00:00:00 GMT+0300 (Arabian Standard Time)
5,paradigm,10,d728591a-43b4-459f-a63c-b7bbfed1f383|b3398ad6-5c91-4fbb-ae4e-27bcc541e9fb|d3af1a9f-2385-494f-82a7-7ef604d5f979|d53dc3bc-20d4-4557-ae70-d0c6730c9182|1d5f04db-0e4b-4de0-92fd-dc0350c7ca41|c35a90fd-896a-45f8-aecc-5a603d6a0b96|6184145f-06f8-4b7e-aec1-5ab4dba7dd61|1977d8ce-0212-45ac-8e4e-10b84f4552a1|367ff4fe-5f40-4e0d-a71d-30b591f3608c|cfe3b5db-1a27-481c-a621-798db21ba296,Wed Mar 18 2026 00:00:00 GMT+0300 (Arabian Standard Time)|Wed Mar 18 2026 00:00:00 GMT+0300 (Arabian Standard Time)|Wed Mar 18 2026 00:00:00 GMT+0300 (Arabian Standard Time)|Wed Mar 18 2026 00:00:00 GMT+0300 (Arabian Standard Time)|Wed Mar 18 2026 00:00:00 GMT+0300 (Arabian Standard Time)|Wed Mar 18 2026 00:00:00 GMT+0300 (Arabian Standard Time)|Thu Mar 19 2026 00:00:00 GMT+0300 (Arabian Standard Time)|Thu Mar 19 2026 00:00:00 GMT+0300 (Arabian Standard Time)|Thu Mar 19 2026 00:00:00 GMT+0300 (Arabian Standard Time)|Thu Mar 19 2026 00:00:00 GMT+0300 (Arabian Standard Time)
1,popular,9,54aa47cc-dbd5-4549-8c22-c6eb147ba2fe|a4e6c02e-baaa-4622-8253-9e16ed24ef7c|1625c503-e1e7-465d-a87c-3e30828f18ef|479f45bb-853e-4e34-93f5-81880c54e16f|63819d6a-b12d-4da7-a5e8-9227c786d74c|843cdbaf-36e0-498b-92ae-b8f5a8c94d04|93a84c73-5273-43a0-8458-9da7b3ccf1a6|21617db0-3e20-489e-9bbd-c2326d552e79|cf8515e5-4a39-4cda-a034-813b925f2c79,Tue Mar 17 2026 00:00:00 GMT+0300 (Arabian Standard Time)|Wed Mar 18 2026 00:00:00 GMT+0300 (Arabian Standard Time)|Wed Mar 18 2026 00:00:00 GMT+0300 (Arabian Standard Time)|Wed Mar 18 2026 00:00:00 GMT+0300 (Arabian Standard Time)|Wed Mar 18 2026 00:00:00 GMT+0300 (Arabian Standard Time)|Wed Mar 18 2026 00:00:00 GMT+0300 (Arabian Standard Time)|Wed Mar 18 2026 00:00:00 GMT+0300 (Arabian Standard Time)|Wed Mar 18 2026 00:00:00 GMT+0300 (Arabian Standard Time)|Wed Mar 18 2026 00:00:00 GMT+0300 (Arabian Standard Time)
5,compelling,9,02ef4265-b1af-482b-bcc6-a03c858aad20|e84efa26-21dd-49ea-b935-7cdbfd80efb5|c91d9696-a874-4301-8d6b-f6f696db54dc|70b530c8-4c6a-458b-984d-28e1f7c4e2c1|dea259cb-17ad-4753-a6a1-a3627e859046|55ecbc69-4616-4028-9d10-d63805aaa052|175de3c2-1645-406b-b673-0436b11ef42c|d81176d8-c5a4-43bb-9f74-76d9dca87eee|30310297-c088-4e69-8b4f-8743a67bb5f9,Wed Mar 18 2026 00:00:00 GMT+0300 (Arabian Standard Time)|Wed Mar 18 2026 00:00:00 GMT+0300 (Arabian Standard Time)|Wed Mar 18 2026 00:00:00 GMT+0300 (Arabian Standard Time)|Wed Mar 18 2026 00:00:00 GMT+0300 (Arabian Standard Time)|Wed Mar 18 2026 00:00:00 GMT+0300 (Arabian Standard Time)|Wed Mar 18 2026 00:00:00 GMT+0300 (Arabian Standard Time)|Wed Mar 18 2026 00:00:00 GMT+0300 (Arabian Standard Time)|Thu Mar 19 2026 00:00:00 GMT+0300 (Arabian Standard Time)|Thu Mar 19 2026 00:00:00 GMT+0300 (Arabian Standard Time)
4,proliferation,8,26c070a5-714f-4222-bff7-d7a1864853a1|d702a0a3-f980-4d01-b8c3-2ce557a685ba|f12dcb35-fda8-405d-96ef-3778ef59d7b0|c56bf989-e3a5-4897-959c-284defa622a9|73ef3a9a-92ce-411b-a6cc-63505095a7b6|1ec009f4-b590-4a23-b0c7-3be1a58b3667|14655df0-2aaa-4209-b4d2-7fde57938145|af741306-1806-4ea0-9afe-61518d6340d4,Wed Mar 18 2026 00:00:00 GMT+0300 (Arabian Standard Time)|Wed Mar 18 2026 00:00:00 GMT+0300 (Arabian Standard Time)|Wed Mar 18 2026 00:00:00 GMT+0300 (Arabian Standard Time)|Wed Mar 18 2026 00:00:00 GMT+0300 (Arabian Standard Time)|Thu Mar 19 2026 00:00:00 GMT+0300 (Arabian Standard Time)|Thu Mar 19 2026 00:00:00 GMT+0300 (Arabian Standard Time)|Thu Mar 19 2026 00:00:00 GMT+0300 (Arabian Standard Time)|Thu Mar 19 2026 00:00:00 GMT+0300 (Arabian Standard Time)
4,intricate,7,612c2939-943d-4025-939d-21c31bd339ea|386469bb-a42c-4f33-97da-b334a824e348|12d4c190-b31e-4fca-93c2-79ff3972ed79|9695f762-14b2-4b97-b21e-127a71f2c357|d7d4c548-4cf6-4d93-ad48-bc88ecf09339|76a7430c-51c5-45a3-887a-d803814106df|ab33c57a-b5f4-4178-a35f-e326b1b986e0,Wed Mar 18 2026 00:00:00 GMT+0300 (Arabian Standard Time)|Wed Mar 18 2026 00:00:00 GMT+0300 (Arabian Standard Time)|Wed Mar 18 2026 00:00:00 GMT+0300 (Arabian Standard Time)|Wed Mar 18 2026 00:00:00 GMT+0300 (Arabian Standard Time)|Thu Mar 19 2026 00:00:00 GMT+0300 (Arabian Standard Time)|Thu Mar 19 2026 00:00:00 GMT+0300 (Arabian Standard Time)|Thu Mar 19 2026 00:00:00 GMT+0300 (Arabian Standard Time)
4,compelling,7,8d5147de-0e9e-48ad-9f62-f8707edbf509|599899b8-62fc-46b6-a7f9-7b41f62cb18f|a366a31f-8d3d-40d9-8c14-52f8486e2f1d|c18ef3dd-3cf8-4e58-ba92-f972c0aa0dae|2e0a7392-2e77-4197-bcba-3a6d625b7d8b|689207f9-6ec2-4540-b4cb-a358fa0f09ca|8704bd9c-a3f9-4256-a3e0-c42b50d5fbf4,Wed Mar 18 2026 00:00:00 GMT+0300 (Arabian Standard Time)|Wed Mar 18 2026 00:00:00 GMT+0300 (Arabian Standard Time)|Wed Mar 18 2026 00:00:00 GMT+0300 (Arabian Standard Time)|Wed Mar 18 2026 00:00:00 GMT+0300 (Arabian Standard Time)|Wed Mar 18 2026 00:00:00 GMT+0300 (Arabian Standard Time)|Wed Mar 18 2026 00:00:00 GMT+0300 (Arabian Standard Time)|Thu Mar 19 2026 00:00:00 GMT+0300 (Arabian Standard Time)
5,nuanced,7,44c4076c-c529-4acd-ae9d-170d1a237897|64bfdcc3-a1f1-4586-a953-496dc02abaef|cdabb8f2-66ad-4991-b11b-fa0eefac8201|51b215b8-f0dc-422b-829f-3b1ab33d9f5d|0421c54a-5210-43ea-96de-b9f61d2253a7|88cdf48c-5c79-494c-a682-647e829593a9|89106edf-d8ae-43cf-89fc-010f8977606d,Wed Mar 18 2026 00:00:00 GMT+0300 (Arabian Standard Time)|Wed Mar 18 2026 00:00:00 GMT+0300 (Arabian Standard Time)|Wed Mar 18 2026 00:00:00 GMT+0300 (Arabian Standard Time)|Wed Mar 18 2026 00:00:00 GMT+0300 (Arabian Standard Time)|Wed Mar 18 2026 00:00:00 GMT+0300 (Arabian Standard Time)|Wed Mar 18 2026 00:00:00 GMT+0300 (Arabian Standard Time)|Thu Mar 19 2026 00:00:00 GMT+0300 (Arabian Standard Time)
5,paradigmatic,7,4de0b7f4-d59a-4172-bf37-dc6d84491142|93e05d1e-b729-4188-a9d1-4dd285807f79|8b805875-0004-4aeb-a48d-7c855e2b1ed8|1d5d6edb-479a-4fde-a1b5-0740864e6575|b964d48b-0c7d-4cae-8f91-5fcb8515836a|c173e6c6-2b4b-497a-9057-3a2b312db58f|a9be8c4f-51a5-4086-a600-1a2b105a9cfd,Wed Mar 18 2026 00:00:00 GMT+0300 (Arabian Standard Time)|Wed Mar 18 2026 00:00:00 GMT+0300 (Arabian Standard Time)|Wed Mar 18 2026 00:00:00 GMT+0300 (Arabian Standard Time)|Wed Mar 18 2026 00:00:00 GMT+0300 (Arabian Standard Time)|Wed Mar 18 2026 00:00:00 GMT+0300 (Arabian Standard Time)|Thu Mar 19 2026 00:00:00 GMT+0300 (Arabian Standard Time)|Thu Mar 19 2026 00:00:00 GMT+0300 (Arabian Standard Time)
5,unprecedented,7,cea4f0b5-7680-4816-8af1-c3a6b5aa1c52|d68ebfd5-3f25-49fb-b4d2-fecaa29812e2|823fb73a-80a2-46e8-bd7a-d7822836aed1|d8873b94-cc59-4eea-a90c-81c67716fe8e|157f57e6-c0dc-4693-90ac-7aa505cccc34|0480456b-0d8c-47a6-a2c5-5b055e73de20|3da8e6d7-1d34-49e0-a965-e805d03e823e,Wed Mar 18 2026 00:00:00 GMT+0300 (Arabian Standard Time)|Wed Mar 18 2026 00:00:00 GMT+0300 (Arabian Standard Time)|Wed Mar 18 2026 00:00:00 GMT+0300 (Arabian Standard Time)|Wed Mar 18 2026 00:00:00 GMT+0300 (Arabian Standard Time)|Wed Mar 18 2026 00:00:00 GMT+0300 (Arabian Standard Time)|Thu Mar 19 2026 00:00:00 GMT+0300 (Arabian Standard Time)|Thu Mar 19 2026 00:00:00 GMT+0300 (Arabian Standard Time)
1,incredible,6,98a6d2ca-1869-4f80-af7d-ee6bf8f49b3a|74bd51da-459c-444a-bb19-d2dc38f2a61b|52b1e244-bd0e-4029-acbd-2a8718ba0594|19f108ef-191e-4d18-897f-d070e97b819b|c8422e50-f9b3-460b-9542-75b45f16f8f6|615c42a3-f968-4da3-a65a-cd9f43a81ea4,Wed Mar 18 2026 00:00:00 GMT+0300 (Arabian Standard Time)|Wed Mar 18 2026 00:00:00 GMT+0300 (Arabian Standard Time)|Wed Mar 18 2026 00:00:00 GMT+0300 (Arabian Standard Time)|Wed Mar 18 2026 00:00:00 GMT+0300 (Arabian Standard Time)|Wed Mar 18 2026 00:00:00 GMT+0300 (Arabian Standard Time)|Wed Mar 18 2026 00:00:00 GMT+0300 (Arabian Standard Time)
5,magnitude,6,ded38159-e6e1-4d78-b9ef-627db30cab05|35d9243a-924b-4171-a8f7-030b4f3a9fe3|0bc39bff-bf64-4012-b71b-1b9cc22e626c|781fe70d-1783-4d38-aafb-d05f7375efe3|d964dbcd-0187-425b-9194-18807c23b4b9|950955c7-fcca-46a7-9b8e-ba14c4387f29,Wed Mar 18 2026 00:00:00 GMT+0300 (Arabian Standard Time)|Wed Mar 18 2026 00:00:00 GMT+0300 (Arabian Standard Time)|Wed Mar 18 2026 00:00:00 GMT+0300 (Arabian Standard Time)|Wed Mar 18 2026 00:00:00 GMT+0300 (Arabian Standard Time)|Thu Mar 19 2026 00:00:00 GMT+0300 (Arabian Standard Time)|Thu Mar 19 2026 00:00:00 GMT+0300 (Arabian Standard Time)
5,implications,6,692f79ab-e395-4b0f-ba2a-3369a4e69784|e60c6859-b75d-40b8-bc27-12e48ec9a21d|ff74571a-b536-40cd-93e7-7ed14131b6a9|ea16abe4-495f-4a00-a954-3a828236a37d|196fc8df-4265-499d-bd3e-3ef081553a56|2153c2b8-9bd2-4daf-8696-cb0316ee0ec3,Wed Mar 18 2026 00:00:00 GMT+0300 (Arabian Standard Time)|Wed Mar 18 2026 00:00:00 GMT+0300 (Arabian Standard Time)|Wed Mar 18 2026 00:00:00 GMT+0300 (Arabian Standard Time)|Wed Mar 18 2026 00:00:00 GMT+0300 (Arabian Standard Time)|Wed Mar 18 2026 00:00:00 GMT+0300 (Arabian Standard Time)|Thu Mar 19 2026 00:00:00 GMT+0300 (Arabian Standard Time)
2,expand,5,46a38b9c-bb91-4980-b1f7-901bec84ad8b|90633917-7b93-47c9-9a1c-4ddd5f83d767|28f63312-4b52-4695-8207-d5ac6f4ed8d0|10bbe96b-7b1b-49b7-95a5-937000c9d7a2|be02c032-e496-4337-bb4f-3c9b35aa2067,Wed Mar 18 2026 00:00:00 GMT+0300 (Arabian Standard Time)|Wed Mar 18 2026 00:00:00 GMT+0300 (Arabian Standard Time)|Wed Mar 18 2026 00:00:00 GMT+0300 (Arabian Standard Time)|Wed Mar 18 2026 00:00:00 GMT+0300 (Arabian Standard Time)|Wed Mar 18 2026 00:00:00 GMT+0300 (Arabian Standard Time)
3,implications,5,3702222f-0f66-492e-8e4e-2878684d454c|994df41a-94f1-4fa4-85a5-0be6894a8989|13dd989c-d21f-4cd5-a374-c468a0bb83df|b3540a80-3305-48b7-b2c6-4abc9d531d48|712b39bd-7f4b-4ef1-b5e3-86c55373e239,Wed Mar 18 2026 00:00:00 GMT+0300 (Arabian Standard Time)|Wed Mar 18 2026 00:00:00 GMT+0300 (Arabian Standard Time)|Wed Mar 18 2026 00:00:00 GMT+0300 (Arabian Standard Time)|Wed Mar 18 2026 00:00:00 GMT+0300 (Arabian Standard Time)|Wed Mar 18 2026 00:00:00 GMT+0300 (Arabian Standard Time)
3,compelling,5,b4d7b580-37af-4760-9cce-bfc533f3e5ce|80cace59-2a72-412a-97c9-adefa3fb566a|9cfdcbf1-32f2-4d66-b280-33b011cfacbe|8986ac2e-7544-4d74-bed2-776c77914bcc|4a7b18b1-0907-4cd8-9eb4-58cb4b7a8858,Wed Mar 18 2026 00:00:00 GMT+0300 (Arabian Standard Time)|Wed Mar 18 2026 00:00:00 GMT+0300 (Arabian Standard Time)|Wed Mar 18 2026 00:00:00 GMT+0300 (Arabian Standard Time)|Wed Mar 18 2026 00:00:00 GMT+0300 (Arabian Standard Time)|Wed Mar 18 2026 00:00:00 GMT+0300 (Arabian Standard Time)
4,unprecedented,5,0cbb206e-9753-4880-8c5e-6044a4442668|d5b01755-bc5f-4710-87ef-df288c26182a|cbb2cc57-400a-4d5b-a976-acba61498a47|bd395eea-5a18-479f-b273-c33a2d3c195c|7be1f3c5-51f9-4df6-bfb0-9387f335ecac,Thu Mar 19 2026 00:00:00 GMT+0300 (Arabian Standard Time)|Thu Mar 19 2026 00:00:00 GMT+0300 (Arabian Standard Time)|Thu Mar 19 2026 00:00:00 GMT+0300 (Arabian Standard Time)|Thu Mar 19 2026 00:00:00 GMT+0300 (Arabian Standard Time)|Thu Mar 19 2026 00:00:00 GMT+0300 (Arabian Standard Time)
4,implementation,5,0fdca1c5-b73f-4a21-93a7-ddae2792333a|ac0b53f0-d901-4384-b3e9-4f61561116d6|8d5d4f08-e2d1-4688-8544-622b8b9ab755|fe7c40e6-649e-4d0c-838f-21764a2ca45a|aad2609d-747a-4d24-999d-d37c0bfc8a00,Wed Mar 18 2026 00:00:00 GMT+0300 (Arabian Standard Time)|Wed Mar 18 2026 00:00:00 GMT+0300 (Arabian Standard Time)|Wed Mar 18 2026 00:00:00 GMT+0300 (Arabian Standard Time)|Wed Mar 18 2026 00:00:00 GMT+0300 (Arabian Standard Time)|Thu Mar 19 2026 00:00:00 GMT+0300 (Arabian Standard Time)
4,facilitate,5,9407d679-50e3-4ca5-b311-05da7dbdf25a|20bb9d40-bce2-4fe2-acb8-7288a1b746e2|bc9b6ae0-e8ec-4858-8f0e-7a22d8f9a316|fb71cfa0-31ad-4e03-bc5c-f2fe110d1da6|857a3550-5d3d-4f0e-943f-e72db9c4008e,Wed Mar 18 2026 00:00:00 GMT+0300 (Arabian Standard Time)|Wed Mar 18 2026 00:00:00 GMT+0300 (Arabian Standard Time)|Thu Mar 19 2026 00:00:00 GMT+0300 (Arabian Standard Time)|Thu Mar 19 2026 00:00:00 GMT+0300 (Arabian Standard Time)|Thu Mar 19 2026 00:00:00 GMT+0300 (Arabian Standard Time)
4,meticulous,5,29097d6a-f515-4157-a07a-f68b4675a065|cf6b7f4f-a152-4964-92e1-a5acb17b06ba|797f4899-26d5-479b-b24b-de03cecf2ac6|aeab3b90-aef4-40fb-9b23-addc673c913d|e11a8aa5-d8e2-430c-9b7c-24b7b015dac1,Wed Mar 18 2026 00:00:00 GMT+0300 (Arabian Standard Time)|Wed Mar 18 2026 00:00:00 GMT+0300 (Arabian Standard Time)|Thu Mar 19 2026 00:00:00 GMT+0300 (Arabian Standard Time)|Thu Mar 19 2026 00:00:00 GMT+0300 (Arabian Standard Time)|Thu Mar 19 2026 00:00:00 GMT+0300 (Arabian Standard Time)
5,ramifications,5,28f228ee-1a5a-489b-a1dd-a2fa200f3a28|9442b5ce-768d-4a70-8599-13c831b6bc7a|3f4caf5b-eea5-4668-9674-99dc011bb9d3|1ee26197-6b72-4718-bd21-07bb1b5d78dc|1039bd2e-7412-4d0c-b43b-223d5ea08f26,Wed Mar 18 2026 00:00:00 GMT+0300 (Arabian Standard Time)|Wed Mar 18 2026 00:00:00 GMT+0300 (Arabian Standard Time)|Wed Mar 18 2026 00:00:00 GMT+0300 (Arabian Standard Time)|Wed Mar 18 2026 00:00:00 GMT+0300 (Arabian Standard Time)|Thu Mar 19 2026 00:00:00 GMT+0300 (Arabian Standard Time)
5,confluence,5,a95b827c-4791-43de-a40f-febe7658e2ba|94b762ae-ca99-4e10-a599-7c0c907318e1|cc0df652-58dd-44b9-9b33-643ba77281d2|97aad932-eaf1-4483-ac0e-eb8620ad29fe|aacce3c0-45e6-432b-8471-dbb2d9f06704,Wed Mar 18 2026 00:00:00 GMT+0300 (Arabian Standard Time)|Wed Mar 18 2026 00:00:00 GMT+0300 (Arabian Standard Time)|Wed Mar 18 2026 00:00:00 GMT+0300 (Arabian Standard Time)|Thu Mar 19 2026 00:00:00 GMT+0300 (Arabian Standard Time)|Thu Mar 19 2026 00:00:00 GMT+0300 (Arabian Standard Time)
5,galvanized,5,58ad2045-e378-4b7a-84aa-c95f15fe44df|4c581018-dc5a-472c-a5ed-0afac1e77481|4b4c051f-1eda-4576-a065-53ecefc823b8|b9474795-1289-4ee8-968f-fc3ca7a8c172|70377622-8950-4016-bf26-2f24bb2eabd3,Wed Mar 18 2026 00:00:00 GMT+0300 (Arabian Standard Time)|Wed Mar 18 2026 00:00:00 GMT+0300 (Arabian Standard Time)|Wed Mar 18 2026 00:00:00 GMT+0300 (Arabian Standard Time)|Wed Mar 18 2026 00:00:00 GMT+0300 (Arabian Standard Time)|Wed Mar 18 2026 00:00:00 GMT+0300 (Arabian Standard Time)
1,carefully,4,42d1350a-481b-4220-a66c-e9fd84c6bf4a|a80530f8-022b-4de9-ad45-0a7b81cc4dba|d4dbecec-6df2-4b7c-852c-be8d1354a2e8|341ea373-ae9b-4371-8140-3a5be8683d15,Wed Mar 18 2026 00:00:00 GMT+0300 (Arabian Standard Time)|Wed Mar 18 2026 00:00:00 GMT+0300 (Arabian Standard Time)|Wed Mar 18 2026 00:00:00 GMT+0300 (Arabian Standard Time)|Wed Mar 18 2026 00:00:00 GMT+0300 (Arabian Standard Time)
1,amazing,4,ef3870ea-fa6e-4f73-a808-a214d07633b9|2bf18f92-068c-4fee-ae6f-1d5e9777d5a0|543732a2-db1e-4e7c-b088-6e5ae3bf368e|d2615631-595b-4188-8826-3c823b845a0f,Wed Mar 18 2026 00:00:00 GMT+0300 (Arabian Standard Time)|Wed Mar 18 2026 00:00:00 GMT+0300 (Arabian Standard Time)|Wed Mar 18 2026 00:00:00 GMT+0300 (Arabian Standard Time)|Wed Mar 18 2026 00:00:00 GMT+0300 (Arabian Standard Time)
2,set up,4,a8e1b42b-487f-4319-80a8-31eca80af6a8|1bdb9230-8ca3-43ac-91f3-1f1d596bbdda|89422317-ae17-49f4-a4e8-8306f150cb7e|fb11decd-d047-45fe-b595-9fb49cd87e0e,Wed Mar 18 2026 00:00:00 GMT+0300 (Arabian Standard Time)|Wed Mar 18 2026 00:00:00 GMT+0300 (Arabian Standard Time)|Wed Mar 18 2026 00:00:00 GMT+0300 (Arabian Standard Time)|Wed Mar 18 2026 00:00:00 GMT+0300 (Arabian Standard Time)
3,sophisticated,4,688a65af-cd41-4562-95de-c23d0a6e9c8a|81be10ce-8806-4998-a2a6-8dd22c6d2f7e|525c5d90-6566-425f-ad54-dae1d4d574f1|1daea946-5f94-43ca-8a3e-12b3d3bc2beb,Wed Mar 18 2026 00:00:00 GMT+0300 (Arabian Standard Time)|Wed Mar 18 2026 00:00:00 GMT+0300 (Arabian Standard Time)|Wed Mar 18 2026 00:00:00 GMT+0300 (Arabian Standard Time)|Wed Mar 18 2026 00:00:00 GMT+0300 (Arabian Standard Time)
3,monitor,4,d9c609df-dcbd-4a4c-9b7c-3112a00cb43f|584f5ce8-e16e-4cde-900e-b092a69353cb|835c1612-8947-4afa-a41e-f26b1f8c0341|b7e171da-1bfe-4f11-aa70-2dbe011bf89c,Wed Mar 18 2026 00:00:00 GMT+0300 (Arabian Standard Time)|Wed Mar 18 2026 00:00:00 GMT+0300 (Arabian Standard Time)|Wed Mar 18 2026 00:00:00 GMT+0300 (Arabian Standard Time)|Wed Mar 18 2026 00:00:00 GMT+0300 (Arabian Standard Time)
3,overcome,4,d133f126-ffd7-47c8-b684-9f1bec4ed103|a8881894-e534-4a05-aba7-88095f61a7a0|146ba67d-b86b-4ec2-9a41-925aaceae146|b7f3a00a-7f45-431f-a1b2-c3dc79eaf60f,Wed Mar 18 2026 00:00:00 GMT+0300 (Arabian Standard Time)|Wed Mar 18 2026 00:00:00 GMT+0300 (Arabian Standard Time)|Wed Mar 18 2026 00:00:00 GMT+0300 (Arabian Standard Time)|Wed Mar 18 2026 00:00:00 GMT+0300 (Arabian Standard Time)
3,evolved,4,74bae817-1f44-4fe8-8ca0-e90331197dc6|cc084a3d-68da-4e23-810d-3f77509629c1|d010ba49-5f19-4d16-9c8f-7f1b0ddefdcf|3c9fc8c5-0535-462a-b4e6-f1b0647a9aac,Wed Mar 18 2026 00:00:00 GMT+0300 (Arabian Standard Time)|Wed Mar 18 2026 00:00:00 GMT+0300 (Arabian Standard Time)|Wed Mar 18 2026 00:00:00 GMT+0300 (Arabian Standard Time)|Wed Mar 18 2026 00:00:00 GMT+0300 (Arabian Standard Time)
4,comprehensive,4,517b178a-d1c7-480f-9cbc-3a21ac5353a6|709aad4a-41c1-47bf-90b1-23413c09bcbc|ff2f69d5-441f-489c-9ea4-52a53cee812d|481b11bd-1cc4-4a68-a284-886f6225e862,Wed Mar 18 2026 00:00:00 GMT+0300 (Arabian Standard Time)|Thu Mar 19 2026 00:00:00 GMT+0300 (Arabian Standard Time)|Thu Mar 19 2026 00:00:00 GMT+0300 (Arabian Standard Time)|Thu Mar 19 2026 00:00:00 GMT+0300 (Arabian Standard Time)
4,ramifications,4,e8d4fc1e-af90-4e6c-9af9-8d723980dad4|8157a79d-c9fa-4495-ae35-0ddb8f84e942|7db89bd4-9037-4f62-a83a-12057c3ed1f7|7f6a57cc-8e0f-45b7-abdd-9ab439297c6a,Wed Mar 18 2026 00:00:00 GMT+0300 (Arabian Standard Time)|Wed Mar 18 2026 00:00:00 GMT+0300 (Arabian Standard Time)|Wed Mar 18 2026 00:00:00 GMT+0300 (Arabian Standard Time)|Thu Mar 19 2026 00:00:00 GMT+0300 (Arabian Standard Time)
4,sophisticated,4,7d929115-cdd2-4432-a22c-17b752f20d7b|0a2b8c96-471e-4e77-9f3f-9e8d7cc655e2|7e303a56-1c6b-43e6-8fe4-9a416c9fb902|9e8e5925-f2c6-42c2-89aa-92f543c024fb,Wed Mar 18 2026 00:00:00 GMT+0300 (Arabian Standard Time)|Wed Mar 18 2026 00:00:00 GMT+0300 (Arabian Standard Time)|Wed Mar 18 2026 00:00:00 GMT+0300 (Arabian Standard Time)|Thu Mar 19 2026 00:00:00 GMT+0300 (Arabian Standard Time)
4,magnitude,4,0b914d98-c957-4fb8-be13-5729443289d3|358e5e9e-a965-4df2-b64d-d871d51053c5|b85fcd2b-4cb0-4350-925c-482283d4fa8a|7d3362d0-1b11-4bda-b503-69571aa82a5c,Wed Mar 18 2026 00:00:00 GMT+0300 (Arabian Standard Time)|Thu Mar 19 2026 00:00:00 GMT+0300 (Arabian Standard Time)|Thu Mar 19 2026 00:00:00 GMT+0300 (Arabian Standard Time)|Thu Mar 19 2026 00:00:00 GMT+0300 (Arabian Standard Time)
4,precision,4,5df10b3a-5b22-442a-a0ad-ded72060f201|6b12a01a-f82a-4eff-bf61-b102ff8a4dfa|be47beac-8f87-4687-b5d9-a3f84c8c44ca|0a33f9aa-c3a2-481f-afba-340c476e3b50,Wed Mar 18 2026 00:00:00 GMT+0300 (Arabian Standard Time)|Wed Mar 18 2026 00:00:00 GMT+0300 (Arabian Standard Time)|Thu Mar 19 2026 00:00:00 GMT+0300 (Arabian Standard Time)|Thu Mar 19 2026 00:00:00 GMT+0300 (Arabian Standard Time)
4,breakthroughs,4,897dcd1a-90f5-4e3c-9721-f2bdc96c46cd|f21f3f9d-706b-4520-8704-34808a9d4849|ac56a099-0866-46c1-9b62-c622a8784192|d20eca2c-05d9-47a7-9139-34a0b50ec4f5,Wed Mar 18 2026 00:00:00 GMT+0300 (Arabian Standard Time)|Wed Mar 18 2026 00:00:00 GMT+0300 (Arabian Standard Time)|Wed Mar 18 2026 00:00:00 GMT+0300 (Arabian Standard Time)|Wed Mar 18 2026 00:00:00 GMT+0300 (Arabian Standard Time)
4,convergence,4,ec232ac0-b93b-4ace-90a0-c91bfcce18d7|aae7149e-9842-4137-af19-7ae2843275c1|29bbf236-3bad-44fc-acd7-f94921d0fd1d|fc40550e-d9b8-4aa4-8c51-b48c96578bd1,Wed Mar 18 2026 00:00:00 GMT+0300 (Arabian Standard Time)|Wed Mar 18 2026 00:00:00 GMT+0300 (Arabian Standard Time)|Thu Mar 19 2026 00:00:00 GMT+0300 (Arabian Standard Time)|Thu Mar 19 2026 00:00:00 GMT+0300 (Arabian Standard Time)
4,breakthrough,4,17e5ff07-c8d2-41b0-849c-0a7d0047b080|d1a3a89a-febb-4119-8a6e-717094d35b46|e4cb6648-dc55-4710-b5df-852caddc19ed|8121e865-18d7-4973-97bc-066e558d784f,Thu Mar 19 2026 00:00:00 GMT+0300 (Arabian Standard Time)|Thu Mar 19 2026 00:00:00 GMT+0300 (Arabian Standard Time)|Thu Mar 19 2026 00:00:00 GMT+0300 (Arabian Standard Time)|Thu Mar 19 2026 00:00:00 GMT+0300 (Arabian Standard Time)
5,epitomize,4,affdef4c-0f46-418b-b9ce-4e4080c03620|4caa83fd-6cba-4c76-9428-8281f076cd73|0256f700-4575-49ba-a017-5271dcbf2d80|909c4da2-850a-4f69-9005-f04e628632a8,Wed Mar 18 2026 00:00:00 GMT+0300 (Arabian Standard Time)|Thu Mar 19 2026 00:00:00 GMT+0300 (Arabian Standard Time)|Thu Mar 19 2026 00:00:00 GMT+0300 (Arabian Standard Time)|Thu Mar 19 2026 00:00:00 GMT+0300 (Arabian Standard Time)
5,profound,4,5d58380a-10b4-429a-b3ab-c9873ed5e1a1|e43cd835-ca24-4e90-8536-843ed6ab4755|6ccc90a0-6a7c-466b-8970-7ffa64f7396c|66b1ee20-5091-497c-bc3d-f38835973402,Wed Mar 18 2026 00:00:00 GMT+0300 (Arabian Standard Time)|Wed Mar 18 2026 00:00:00 GMT+0300 (Arabian Standard Time)|Wed Mar 18 2026 00:00:00 GMT+0300 (Arabian Standard Time)|Thu Mar 19 2026 00:00:00 GMT+0300 (Arabian Standard Time)
5,galvanize,4,3da5a0fb-a664-47ac-9b4b-556d2e0f512b|1a6d0a46-3265-42e5-9759-3f2699b4d5b3|8a860949-0dd3-4c7f-86cf-fc546f52ffe6|605bc389-364d-4152-b2de-b5a1982e0079,Thu Mar 19 2026 00:00:00 GMT+0300 (Arabian Standard Time)|Thu Mar 19 2026 00:00:00 GMT+0300 (Arabian Standard Time)|Thu Mar 19 2026 00:00:00 GMT+0300 (Arabian Standard Time)|Thu Mar 19 2026 00:00:00 GMT+0300 (Arabian Standard Time)
5,transcend,4,dfd500c7-fa9a-47eb-8b4c-4fa07073599a|f05cfab7-2cdc-4857-928e-8ecd27fafccc|c7897aef-016d-4d30-9761-2722e5cbbcbc|52cec276-7976-445a-b95d-48d6fb5db27a,Thu Mar 19 2026 00:00:00 GMT+0300 (Arabian Standard Time)|Thu Mar 19 2026 00:00:00 GMT+0300 (Arabian Standard Time)|Thu Mar 19 2026 00:00:00 GMT+0300 (Arabian Standard Time)|Thu Mar 19 2026 00:00:00 GMT+0300 (Arabian Standard Time)
5,inconceivable,4,3ab8b4f1-6fa4-4ad4-a292-1e5ebca59839|0b38f018-3a56-4e14-8df4-6a0aabf0af3a|6786d8f4-926a-42de-91b9-0b9733d4840d|38046376-789c-44e7-a26d-41209004c86e,Wed Mar 18 2026 00:00:00 GMT+0300 (Arabian Standard Time)|Wed Mar 18 2026 00:00:00 GMT+0300 (Arabian Standard Time)|Wed Mar 18 2026 00:00:00 GMT+0300 (Arabian Standard Time)|Thu Mar 19 2026 00:00:00 GMT+0300 (Arabian Standard Time)
5,reconcile,4,a8ef9d16-77ac-4513-9ad4-ca2bc1850b9c|586ce478-88f6-48ad-acf8-786e3583d350|c77086e8-e28b-4e5f-8751-e0bf4da76f2a|56814de2-3c4c-4148-9f6a-af405c12592f,Wed Mar 18 2026 00:00:00 GMT+0300 (Arabian Standard Time)|Wed Mar 18 2026 00:00:00 GMT+0300 (Arabian Standard Time)|Wed Mar 18 2026 00:00:00 GMT+0300 (Arabian Standard Time)|Wed Mar 18 2026 00:00:00 GMT+0300 (Arabian Standard Time)
0,food,3,c3ea03f4-9a3a-493c-8e51-5b15b8a639d8|ae2256ff-95f4-4a2b-9192-29720368f256|2bfaabe8-cca8-4df3-8bda-5bee340fd544,Wed Mar 18 2026 00:00:00 GMT+0300 (Arabian Standard Time)|Wed Mar 18 2026 00:00:00 GMT+0300 (Arabian Standard Time)|Wed Mar 18 2026 00:00:00 GMT+0300 (Arabian Standard Time)
0,family,3,a7578fb1-6e47-4b8f-b6ee-4832548a5e96|25a68962-00e6-4b92-80ae-ba25db4b1831|89532cda-72ea-44ff-91f4-ebcf901c60e1,Wed Mar 18 2026 00:00:00 GMT+0300 (Arabian Standard Time)|Wed Mar 18 2026 00:00:00 GMT+0300 (Arabian Standard Time)|Wed Mar 18 2026 00:00:00 GMT+0300 (Arabian Standard Time)
0,exercise,3,971c7408-01f7-4365-a04e-62e8676b1c0a|58cabf0b-f2a3-4ece-800a-662fef11ed98|a2822881-7350-417a-b0d5-8e055e107b69,Wed Mar 18 2026 00:00:00 GMT+0300 (Arabian Standard Time)|Wed Mar 18 2026 00:00:00 GMT+0300 (Arabian Standard Time)|Wed Mar 18 2026 00:00:00 GMT+0300 (Arabian Standard Time)
0,apps,3,c7637600-0840-4e19-b53f-a19897678799|e6f3ac4d-56da-43f5-a3ea-1fd8be3b41e6|7fdaf251-9b0a-4e1b-b7d6-eee1cf4c7c1e,Wed Mar 18 2026 00:00:00 GMT+0300 (Arabian Standard Time)|Wed Mar 18 2026 00:00:00 GMT+0300 (Arabian Standard Time)|Wed Mar 18 2026 00:00:00 GMT+0300 (Arabian Standard Time)
1,special,3,f69225a3-6fbe-4532-a669-ca2d6a20eddd|642e17ec-998c-46ae-b658-655e47b09dd9|d4a664de-8a6b-4940-9d12-dbaed8be5cb5,Tue Mar 17 2026 00:00:00 GMT+0300 (Arabian Standard Time)|Tue Mar 17 2026 00:00:00 GMT+0300 (Arabian Standard Time)|Wed Mar 18 2026 00:00:00 GMT+0300 (Arabian Standard Time)
1,protect,3,6b900b33-813a-4685-b7cc-d570d8889345|542b4707-75bb-4d71-94ec-99f49fe7b56d|f5830a6d-5e58-4a70-824c-17fc3dca76f2,Wed Mar 18 2026 00:00:00 GMT+0300 (Arabian Standard Time)|Wed Mar 18 2026 00:00:00 GMT+0300 (Arabian Standard Time)|Wed Mar 18 2026 00:00:00 GMT+0300 (Arabian Standard Time)
1,powerful,3,8dd42983-cd60-49c3-b0fe-5c3193026836|288ea4bf-9df2-4ee8-b82b-00c621c40cef|d608877d-db79-4cfe-88e9-eec13b0bec57,Wed Mar 18 2026 00:00:00 GMT+0300 (Arabian Standard Time)|Wed Mar 18 2026 00:00:00 GMT+0300 (Arabian Standard Time)|Wed Mar 18 2026 00:00:00 GMT+0300 (Arabian Standard Time)
1,famous,3,c630982c-3437-4329-be75-07ae7de9d4ac|41656823-edd6-4a8a-ae5f-047f0af2eb7e|45f7faf2-7b07-452b-9fa3-7dfdebc37ef9,Wed Mar 18 2026 00:00:00 GMT+0300 (Arabian Standard Time)|Wed Mar 18 2026 00:00:00 GMT+0300 (Arabian Standard Time)|Wed Mar 18 2026 00:00:00 GMT+0300 (Arabian Standard Time)
1,exciting,3,e3ad65c5-953b-45fd-bba1-5b85460a4a0a|f4f3d0f0-0f86-4a49-bb35-f4d06808cc5a|2a0e8c35-39f7-4369-9e89-2695a8aea461,Wed Mar 18 2026 00:00:00 GMT+0300 (Arabian Standard Time)|Wed Mar 18 2026 00:00:00 GMT+0300 (Arabian Standard Time)|Wed Mar 18 2026 00:00:00 GMT+0300 (Arabian Standard Time)
1,creative,3,aa1b3a0a-3e0c-4481-b0c6-e31bb29557f4|f3377d22-3e48-4cc9-8c3b-5cd40439b8da|9e8fca4c-62c0-4f76-aae9-2c5ded74bd84,Wed Mar 18 2026 00:00:00 GMT+0300 (Arabian Standard Time)|Wed Mar 18 2026 00:00:00 GMT+0300 (Arabian Standard Time)|Wed Mar 18 2026 00:00:00 GMT+0300 (Arabian Standard Time)
1,create,3,887ecd27-5984-49e9-bfde-88881078a0ae|17836ba4-aa02-40d8-bc91-836845f3ac95|a79dcdc9-afd5-4354-a274-bfc08fac0cc5,Wed Mar 18 2026 00:00:00 GMT+0300 (Arabian Standard Time)|Wed Mar 18 2026 00:00:00 GMT+0300 (Arabian Standard Time)|Wed Mar 18 2026 00:00:00 GMT+0300 (Arabian Standard Time)
1,attracts,3,b40821b7-4055-488c-80e1-ebbeec4bf2df|e9d20aa1-ea58-46df-9311-2b67ebcd7514|f86b1084-dc2f-4d02-ab58-fa142f9f17fb,Tue Mar 17 2026 00:00:00 GMT+0300 (Arabian Standard Time)|Wed Mar 18 2026 00:00:00 GMT+0300 (Arabian Standard Time)|Wed Mar 18 2026 00:00:00 GMT+0300 (Arabian Standard Time)
2,struggling with,3,a3020838-e69a-491b-b83c-7b347d571fb2|88cb0154-f18f-4222-bc5f-3c32d89b1739|e17e3d35-0f37-4cad-b5fd-5ec6c3d82731,Wed Mar 18 2026 00:00:00 GMT+0300 (Arabian Standard Time)|Wed Mar 18 2026 00:00:00 GMT+0300 (Arabian Standard Time)|Wed Mar 18 2026 00:00:00 GMT+0300 (Arabian Standard Time)
2,setting up,3,77ccc71e-52cf-42f9-b7d3-8c538631e62d|81542786-1607-4ca8-8dda-c497fa01e727|9fd30a65-35a9-47cb-8039-07c3e3dab18a,Wed Mar 18 2026 00:00:00 GMT+0300 (Arabian Standard Time)|Wed Mar 18 2026 00:00:00 GMT+0300 (Arabian Standard Time)|Wed Mar 18 2026 00:00:00 GMT+0300 (Arabian Standard Time)
2,transforming,3,8db91a96-520a-442f-ad99-510fbbde3ca7|b5dc9e2f-29c4-48a1-b87f-36492276f1b7|7d0b034c-4a8b-44f4-b6e1-225b08360eb8,Wed Mar 18 2026 00:00:00 GMT+0300 (Arabian Standard Time)|Wed Mar 18 2026 00:00:00 GMT+0300 (Arabian Standard Time)|Wed Mar 18 2026 00:00:00 GMT+0300 (Arabian Standard Time)
2,reflect,3,f331f819-b9d9-4bb0-bdae-bdf606c71b45|c810f01d-79cd-4d96-9030-1246a9251c45|1de84cb4-b8d5-44cf-a901-0b63352fed17,Wed Mar 18 2026 00:00:00 GMT+0300 (Arabian Standard Time)|Wed Mar 18 2026 00:00:00 GMT+0300 (Arabian Standard Time)|Wed Mar 18 2026 00:00:00 GMT+0300 (Arabian Standard Time)
3,crucial,3,f0e4fe1b-faf4-41e9-8b52-fc7ea0d1345c|1641c948-5262-4336-8b55-132b9dde0bc4|da696e1f-22ae-4f47-82cf-4a9215b39146,Wed Mar 18 2026 00:00:00 GMT+0300 (Arabian Standard Time)|Wed Mar 18 2026 00:00:00 GMT+0300 (Arabian Standard Time)|Wed Mar 18 2026 00:00:00 GMT+0300 (Arabian Standard Time)
3,yield,3,b72da96f-b33c-4ff5-8413-e33f6d2d383b|81bf6600-80f3-48ff-a7c0-84d9080f5b46|cfebf1d6-d31e-4192-9b8a-2a73fa2602f9,Wed Mar 18 2026 00:00:00 GMT+0300 (Arabian Standard Time)|Wed Mar 18 2026 00:00:00 GMT+0300 (Arabian Standard Time)|Wed Mar 18 2026 00:00:00 GMT+0300 (Arabian Standard Time)
3,embrace,3,f604dbfd-15dc-42f2-b7ec-fbaacb55f836|1ef63d33-daf8-47f5-87bb-97909183b26d|eb8856d4-ea3c-4760-a790-dd1e4d41ae44,Wed Mar 18 2026 00:00:00 GMT+0300 (Arabian Standard Time)|Wed Mar 18 2026 00:00:00 GMT+0300 (Arabian Standard Time)|Wed Mar 18 2026 00:00:00 GMT+0300 (Arabian Standard Time)
3,withstand,3,64fb16d4-c4f7-44c0-9ec5-3f51a50df2a4|ef842995-b83c-472a-8d06-3c045f0eca99|2afe5775-4f96-45ab-ad19-74bcc4f1effd,Wed Mar 18 2026 00:00:00 GMT+0300 (Arabian Standard Time)|Wed Mar 18 2026 00:00:00 GMT+0300 (Arabian Standard Time)|Wed Mar 18 2026 00:00:00 GMT+0300 (Arabian Standard Time)
3,devise,3,f6ef7a7c-650b-4bbb-bd54-be5c172df25e|2ced60eb-3c98-4381-b3e3-2e04f2e7c88b|3cc7b4c1-191c-47d8-ab43-fe53deab99c0,Wed Mar 18 2026 00:00:00 GMT+0300 (Arabian Standard Time)|Wed Mar 18 2026 00:00:00 GMT+0300 (Arabian Standard Time)|Wed Mar 18 2026 00:00:00 GMT+0300 (Arabian Standard Time)
3,revolutionizing,3,eb104056-e700-48d5-b9dd-c98828787a12|b906c648-1574-4c2e-be3a-5da19b31b475|5a6772aa-7856-4ba2-b92c-ab564addb01d,Wed Mar 18 2026 00:00:00 GMT+0300 (Arabian Standard Time)|Wed Mar 18 2026 00:00:00 GMT+0300 (Arabian Standard Time)|Wed Mar 18 2026 00:00:00 GMT+0300 (Arabian Standard Time)
4,mechanisms,3,fa309d80-cc5d-4dbb-acb9-e80a5a2a51a1|4e4eb89a-0df3-4ad2-a288-db51c1b8d183|c17d94f1-8f6f-4948-8f5a-09f5b9b27d97,Wed Mar 18 2026 00:00:00 GMT+0300 (Arabian Standard Time)|Wed Mar 18 2026 00:00:00 GMT+0300 (Arabian Standard Time)|Thu Mar 19 2026 00:00:00 GMT+0300 (Arabian Standard Time)
4,transform,3,48645e66-0d05-40c1-b1b1-98329423a77c|f3fa1679-8406-4dec-a79a-962f9660bc0d|3878a8e0-148a-484f-85c7-2fa5a11ca8b8,Wed Mar 18 2026 00:00:00 GMT+0300 (Arabian Standard Time)|Wed Mar 18 2026 00:00:00 GMT+0300 (Arabian Standard Time)|Thu Mar 19 2026 00:00:00 GMT+0300 (Arabian Standard Time)
4,catalyze,3,c0aafc88-bc0e-4eb1-a361-df0671874c67|af06f5de-d695-4cee-b316-acc1c3a460d3|10606c15-c6f7-4082-ad50-472d82f882af,Wed Mar 18 2026 00:00:00 GMT+0300 (Arabian Standard Time)|Thu Mar 19 2026 00:00:00 GMT+0300 (Arabian Standard Time)|Thu Mar 19 2026 00:00:00 GMT+0300 (Arabian Standard Time)
4,synthesis,3,ad1cefca-ab5b-4247-99a9-8e6a5dd8b727|7c715045-407a-4067-aebe-134cbd969188|856f976d-c2bc-464d-80da-6d9b664d385a,Thu Mar 19 2026 00:00:00 GMT+0300 (Arabian Standard Time)|Thu Mar 19 2026 00:00:00 GMT+0300 (Arabian Standard Time)|Thu Mar 19 2026 00:00:00 GMT+0300 (Arabian Standard Time)
4,complexity,3,15cd023f-539c-4bb0-8270-8ce4163d2862|a763b7a4-0c17-4002-8fc6-26fb0df1708e|d97d275e-e079-4e80-ae68-d6e6e84caf4c,Wed Mar 18 2026 00:00:00 GMT+0300 (Arabian Standard Time)|Wed Mar 18 2026 00:00:00 GMT+0300 (Arabian Standard Time)|Thu Mar 19 2026 00:00:00 GMT+0300 (Arabian Standard Time)
4,sustainable,3,6a77183c-cb0a-4e83-b532-8752c15656de|d00e6dd5-8c8a-4266-b1d5-d1b2645727b8|e67e816b-2c3d-4fb1-9b78-d678a89e4f95,Wed Mar 18 2026 00:00:00 GMT+0300 (Arabian Standard Time)|Thu Mar 19 2026 00:00:00 GMT+0300 (Arabian Standard Time)|Thu Mar 19 2026 00:00:00 GMT+0300 (Arabian Standard Time)
4,substantial,3,d41e5cef-51d8-47af-aa35-57e8db9155c1|09d09d63-2777-4d64-8672-4419dd73f249|7f2ed82e-914a-45fd-adfa-1ea5fa3a50c9,Wed Mar 18 2026 00:00:00 GMT+0300 (Arabian Standard Time)|Wed Mar 18 2026 00:00:00 GMT+0300 (Arabian Standard Time)|Wed Mar 18 2026 00:00:00 GMT+0300 (Arabian Standard Time)
4,scrutinize,3,a0f3b30b-2f97-4c6d-a811-23410993c89f|01f12741-eb54-4ca5-86f5-ee953dca0960|da2de00d-4106-454a-9921-aa82f758c594,Wed Mar 18 2026 00:00:00 GMT+0300 (Arabian Standard Time)|Thu Mar 19 2026 00:00:00 GMT+0300 (Arabian Standard Time)|Thu Mar 19 2026 00:00:00 GMT+0300 (Arabian Standard Time)
4,remarkable,3,73b1ad65-9715-4dea-beb0-3ccf8e54d12e|794dd9ec-0004-467a-9c8b-aafd3e9a146a|bf2bd171-8679-4e49-b2ee-98a83fcdebf3,Wed Mar 18 2026 00:00:00 GMT+0300 (Arabian Standard Time)|Wed Mar 18 2026 00:00:00 GMT+0300 (Arabian Standard Time)|Wed Mar 18 2026 00:00:00 GMT+0300 (Arabian Standard Time)
4,emergence,3,5b03abea-29bb-4f5b-bce4-9e82464ae9e8|9fff7676-9cfd-4254-af7c-334c32503307|a335bd1c-27e2-4e29-a883-64dbd38ec04a,Wed Mar 18 2026 00:00:00 GMT+0300 (Arabian Standard Time)|Wed Mar 18 2026 00:00:00 GMT+0300 (Arabian Standard Time)|Wed Mar 18 2026 00:00:00 GMT+0300 (Arabian Standard Time)
4,emulate,3,6b48f789-5c3e-4fa0-97a8-e0792aedb32e|d1c4cd82-915f-468c-bcda-946e6add7a9b|7a2a9226-f03e-4d95-9c6e-5441bbd7b470,Thu Mar 19 2026 00:00:00 GMT+0300 (Arabian Standard Time)|Thu Mar 19 2026 00:00:00 GMT+0300 (Arabian Standard Time)|Thu Mar 19 2026 00:00:00 GMT+0300 (Arabian Standard Time)
4,profound,3,5ea4e15c-456d-4ee0-bd0c-2f0054070e65|98c156d0-468c-45c4-9380-f80ee4028e99|4dba1021-57c5-4399-92ee-30498fabe16d,Wed Mar 18 2026 00:00:00 GMT+0300 (Arabian Standard Time)|Wed Mar 18 2026 00:00:00 GMT+0300 (Arabian Standard Time)|Wed Mar 18 2026 00:00:00 GMT+0300 (Arabian Standard Time)
4,incorporate,3,8f4c8727-2443-41f5-852c-b6fdb2572c86|7e21f26c-ba51-436c-a8e6-9daba18893e2|b3bdaa95-12d9-4e83-ba42-ce738a4d961e,Wed Mar 18 2026 00:00:00 GMT+0300 (Arabian Standard Time)|Thu Mar 19 2026 00:00:00 GMT+0300 (Arabian Standard Time)|Thu Mar 19 2026 00:00:00 GMT+0300 (Arabian Standard Time)
4,methodology,3,86ba6fe8-d70f-40f3-9114-e3fd2fb712d7|a46f9e67-0f1b-43fa-8663-506b5feb8805|9aa8eaac-cb99-4608-b661-912c5aab8c05,Wed Mar 18 2026 00:00:00 GMT+0300 (Arabian Standard Time)|Thu Mar 19 2026 00:00:00 GMT+0300 (Arabian Standard Time)|Thu Mar 19 2026 00:00:00 GMT+0300 (Arabian Standard Time)
5,untenable,3,f87f0808-dd81-4416-927a-538eed10110b|700f7cbb-7e0b-46c8-af74-97f8425115eb|4411fc6c-26b4-475d-b2c1-e962d0835d55,Wed Mar 18 2026 00:00:00 GMT+0300 (Arabian Standard Time)|Wed Mar 18 2026 00:00:00 GMT+0300 (Arabian Standard Time)|Wed Mar 18 2026 00:00:00 GMT+0300 (Arabian Standard Time)
5,formidable,3,8be33f05-901a-4996-8b95-6ad8009e3dde|26c652a0-22cd-4c40-bbfc-a01d2c16a6ff|004e7a5d-d631-4927-8ae2-156d2d3d78be,Wed Mar 18 2026 00:00:00 GMT+0300 (Arabian Standard Time)|Wed Mar 18 2026 00:00:00 GMT+0300 (Arabian Standard Time)|Thu Mar 19 2026 00:00:00 GMT+0300 (Arabian Standard Time)
5,harness,3,6cc2489b-9a49-46ca-befd-eb0ba378d4e4|7ea64f86-0ad0-4181-871b-b2229396497f|6255f8e8-1ab9-4cbd-a187-666ca4ee5a88,Thu Mar 19 2026 00:00:00 GMT+0300 (Arabian Standard Time)|Thu Mar 19 2026 00:00:00 GMT+0300 (Arabian Standard Time)|Thu Mar 19 2026 00:00:00 GMT+0300 (Arabian Standard Time)
5,pivotal,3,7c094668-e9f7-4f97-bd0f-c5a5cdd36ddf|a5c856e3-a2df-4ec6-ab25-d5a85917cbb5|81dc696d-1936-42f5-b9eb-d798794f1608,Wed Mar 18 2026 00:00:00 GMT+0300 (Arabian Standard Time)|Wed Mar 18 2026 00:00:00 GMT+0300 (Arabian Standard Time)|Thu Mar 19 2026 00:00:00 GMT+0300 (Arabian Standard Time)
5,confound,3,720cd745-9bfc-49ff-b5d9-6dce6706ce39|1b82e039-157c-4637-a640-653129fc6cb2|78f18b94-a537-4270-8de2-dd4d9ccd7a0c,Wed Mar 18 2026 00:00:00 GMT+0300 (Arabian Standard Time)|Thu Mar 19 2026 00:00:00 GMT+0300 (Arabian Standard Time)|Thu Mar 19 2026 00:00:00 GMT+0300 (Arabian Standard Time)
5,trajectory,3,66280d65-fc99-4f62-82b8-d6c948239812|131e1f10-bf78-46e3-b860-b66d923bf2e2|89ef6636-919b-47bf-b42f-3a83522188b2,Wed Mar 18 2026 00:00:00 GMT+0300 (Arabian Standard Time)|Wed Mar 18 2026 00:00:00 GMT+0300 (Arabian Standard Time)|Thu Mar 19 2026 00:00:00 GMT+0300 (Arabian Standard Time)
5,convergence,3,0e2c702f-74c6-4ed8-b5d6-c7ecb6a31b70|d124beff-79a4-42e1-9739-6bd80874f483|a927b001-3b84-48f0-94ea-625c4fd60ee4,Wed Mar 18 2026 00:00:00 GMT+0300 (Arabian Standard Time)|Wed Mar 18 2026 00:00:00 GMT+0300 (Arabian Standard Time)|Thu Mar 19 2026 00:00:00 GMT+0300 (Arabian Standard Time)
5,salient,3,6e35365b-ecf2-4a66-a76c-c4ebbf7e2c1b|88f568bd-7aae-439c-bce6-f2430a43b417|34429080-5765-45e1-8b93-c7abc4bd1f89,Wed Mar 18 2026 00:00:00 GMT+0300 (Arabian Standard Time)|Wed Mar 18 2026 00:00:00 GMT+0300 (Arabian Standard Time)|Thu Mar 19 2026 00:00:00 GMT+0300 (Arabian Standard Time)
5,enigmatic,3,6ec4df94-8dfc-4458-aadd-d07db61290ed|90826e2d-9dea-4cb4-ae97-946c8eea50c1|807535b9-e46e-49bd-b9a0-55a147ca46d1,Wed Mar 18 2026 00:00:00 GMT+0300 (Arabian Standard Time)|Wed Mar 18 2026 00:00:00 GMT+0300 (Arabian Standard Time)|Wed Mar 18 2026 00:00:00 GMT+0300 (Arabian Standard Time)
5,calculus,3,35b17b68-e177-4b84-8b93-9c115ca60d02|0a440130-b3b3-480f-bfbf-aceedf9a6184|44231067-43ca-4020-a02d-050eebce7298,Wed Mar 18 2026 00:00:00 GMT+0300 (Arabian Standard Time)|Wed Mar 18 2026 00:00:00 GMT+0300 (Arabian Standard Time)|Wed Mar 18 2026 00:00:00 GMT+0300 (Arabian Standard Time)
5,epitomizes,3,339925ab-53ec-496b-974e-816003715f92|17d1248f-07e8-4efd-b00f-940a668424e5|dd09840c-f2c7-48e6-bb7c-be1005324baa,Wed Mar 18 2026 00:00:00 GMT+0300 (Arabian Standard Time)|Wed Mar 18 2026 00:00:00 GMT+0300 (Arabian Standard Time)|Wed Mar 18 2026 00:00:00 GMT+0300 (Arabian Standard Time)
5,quintessential,3,912f89ad-a80a-4c02-b8bd-423d866426ac|abf51a17-45af-449e-83fc-910d07faa883|a2be2fb8-6481-4ce8-b435-09f3ee75b41f,Wed Mar 18 2026 00:00:00 GMT+0300 (Arabian Standard Time)|Wed Mar 18 2026 00:00:00 GMT+0300 (Arabian Standard Time)|Thu Mar 19 2026 00:00:00 GMT+0300 (Arabian Standard Time)
5,esoteric,3,366aeedc-c16d-462d-bd52-b8e104f47ce6|ef3c82a0-0ff0-46d8-b50d-c2657c4566d7|974f9f18-ca56-42b6-8e2a-1fcf5901902e,Wed Mar 18 2026 00:00:00 GMT+0300 (Arabian Standard Time)|Wed Mar 18 2026 00:00:00 GMT+0300 (Arabian Standard Time)|Wed Mar 18 2026 00:00:00 GMT+0300 (Arabian Standard Time)
5,proliferation,3,2cfbb185-90c5-43db-9815-598686bfe9e2|ad60c3ab-398f-4c2f-96d6-34aeb4dc2ed2|80e74fe3-3f77-4516-9a94-227ca6f6eab0,Wed Mar 18 2026 00:00:00 GMT+0300 (Arabian Standard Time)|Wed Mar 18 2026 00:00:00 GMT+0300 (Arabian Standard Time)|Thu Mar 19 2026 00:00:00 GMT+0300 (Arabian Standard Time)
5,ubiquitous,3,2c4fcaaf-52e1-4faf-8240-58f69f65a66a|23a6c3b9-2f07-4a67-899d-e1cdfd1a4dce|73ac8a95-776a-4de0-be21-821aef34b51a,Wed Mar 18 2026 00:00:00 GMT+0300 (Arabian Standard Time)|Wed Mar 18 2026 00:00:00 GMT+0300 (Arabian Standard Time)|Thu Mar 19 2026 00:00:00 GMT+0300 (Arabian Standard Time)
5,nexus,3,7086749f-06f9-42f2-a564-e9d8345012bd|96e55e17-f05e-40f5-b59a-1ccfa4b5fb78|ae65142b-e326-4378-b405-7ad27a0b197d,Wed Mar 18 2026 00:00:00 GMT+0300 (Arabian Standard Time)|Thu Mar 19 2026 00:00:00 GMT+0300 (Arabian Standard Time)|Thu Mar 19 2026 00:00:00 GMT+0300 (Arabian Standard Time)
0,delicious,2,0ac7da76-7c31-4345-b820-3fb342b547de|159aea67-6fcd-4381-b254-b0cf6edb442f,Wed Mar 18 2026 00:00:00 GMT+0300 (Arabian Standard Time)|Wed Mar 18 2026 00:00:00 GMT+0300 (Arabian Standard Time)
0,earn,2,f97bde39-c50d-44d5-bb91-5c5424a09f55|1db7cfe0-688a-40c5-9043-e11dbf03f9b9,Wed Mar 18 2026 00:00:00 GMT+0300 (Arabian Standard Time)|Wed Mar 18 2026 00:00:00 GMT+0300 (Arabian Standard Time)
0,enjoy,2,e176ad98-c5ac-4051-907b-5a329dbb3ccb|51cc3e41-f933-458d-8324-5f47624aa1dc,Wed Mar 18 2026 00:00:00 GMT+0300 (Arabian Standard Time)|Wed Mar 18 2026 00:00:00 GMT+0300 (Arabian Standard Time)
0,hot,2,f027346b-8bb1-4acf-8998-27303172244d|8f780656-0aba-4d24-a5fb-2e8789f75eba,Wed Mar 18 2026 00:00:00 GMT+0300 (Arabian Standard Time)|Wed Mar 18 2026 00:00:00 GMT+0300 (Arabian Standard Time)
0,morning,2,e73f681f-bad5-4c9b-9029-8e53ea14e56f|f47ce65f-5aa4-4a17-84fa-b1b51d4f1003,Wed Mar 18 2026 00:00:00 GMT+0300 (Arabian Standard Time)|Wed Mar 18 2026 00:00:00 GMT+0300 (Arabian Standard Time)
0,advanced,2,70238593-d323-4b73-81b2-d703b8fa76f3|6b6e3c0d-45fd-4511-8f55-76ede091a60a,Wed Mar 18 2026 00:00:00 GMT+0300 (Arabian Standard Time)|Wed Mar 18 2026 00:00:00 GMT+0300 (Arabian Standard Time)
0,sell,2,00006064-1dee-4ed3-a8ce-f3f91aa09c47|b5f5c2fa-154f-4982-b9d6-1d018ce4a906,Wed Mar 18 2026 00:00:00 GMT+0300 (Arabian Standard Time)|Wed Mar 18 2026 00:00:00 GMT+0300 (Arabian Standard Time)
0,weather,2,c21648d2-2c53-4786-8d94-0d4cb776e460|20600445-b88b-4aad-a167-489756e005df,Wed Mar 18 2026 00:00:00 GMT+0300 (Arabian Standard Time)|Wed Mar 18 2026 00:00:00 GMT+0300 (Arabian Standard Time)
0,share,2,4c474fa5-511f-4c78-a86a-4eb41b444be0|c35b11fb-12d5-49e1-b0c0-13ab25a81da6,Wed Mar 18 2026 00:00:00 GMT+0300 (Arabian Standard Time)|Wed Mar 18 2026 00:00:00 GMT+0300 (Arabian Standard Time)
0,sleep,2,29517efe-10c7-448d-b5ca-284b84168063|9a067802-646f-439c-a10a-604bd60c598c,Wed Mar 18 2026 00:00:00 GMT+0300 (Arabian Standard Time)|Wed Mar 18 2026 00:00:00 GMT+0300 (Arabian Standard Time)
0,work,2,64001bad-7333-4e04-8ffe-e7fcd3c3a747|dabca37c-9351-446e-ad2e-30ed0f171339,Wed Mar 18 2026 00:00:00 GMT+0300 (Arabian Standard Time)|Wed Mar 18 2026 00:00:00 GMT+0300 (Arabian Standard Time)
0,small,2,909e4a37-2ec2-4ddb-a1d1-0230b636df5e|3fe78724-223c-45dd-ba1a-c069537b2817,Wed Mar 18 2026 00:00:00 GMT+0300 (Arabian Standard Time)|Wed Mar 18 2026 00:00:00 GMT+0300 (Arabian Standard Time)
0,spend,2,60e14c37-4e8b-4419-b308-d2a2f7aa014b|fc3a46a9-1b90-4de6-a671-382d7d5bb2da,Wed Mar 18 2026 00:00:00 GMT+0300 (Arabian Standard Time)|Wed Mar 18 2026 00:00:00 GMT+0300 (Arabian Standard Time)
0,sun,2,6f6042d2-fbbf-4341-b5a2-f89db49e0d70|eb81f4b0-ae7e-4567-bbd3-110d13a566c2,Wed Mar 18 2026 00:00:00 GMT+0300 (Arabian Standard Time)|Wed Mar 18 2026 00:00:00 GMT+0300 (Arabian Standard Time)
0,buy,2,94cd25fe-1287-4620-a89f-a62ca777da76|4a30b929-07ff-4331-bc0d-4f81b3b31408,Wed Mar 18 2026 00:00:00 GMT+0300 (Arabian Standard Time)|Wed Mar 18 2026 00:00:00 GMT+0300 (Arabian Standard Time)
0,coffee,2,091015bc-a9c5-4985-8f7a-70b1742bbb6c|e710eb14-2c0d-45cc-9a0b-b2b88dcf81b9,Wed Mar 18 2026 00:00:00 GMT+0300 (Arabian Standard Time)|Wed Mar 18 2026 00:00:00 GMT+0300 (Arabian Standard Time)
1,created,2,7c9ab985-d59b-483b-9eb0-7c99df23de24|1ebd83a8-b340-4732-9a16-08f04cb97bbe,Wed Mar 18 2026 00:00:00 GMT+0300 (Arabian Standard Time)|Wed Mar 18 2026 00:00:00 GMT+0300 (Arabian Standard Time)
1,spectacular,2,a6196611-2971-4bd4-bbef-4d58fad3a3b8|3871f393-5733-495b-b7ff-a4d7c0f0ab4b,Wed Mar 18 2026 00:00:00 GMT+0300 (Arabian Standard Time)|Wed Mar 18 2026 00:00:00 GMT+0300 (Arabian Standard Time)
1,celebrate,2,71fdc4df-7188-43bc-9e80-62e1f755157c|3a30766e-f964-42fa-a62d-98a888bf242a,Tue Mar 17 2026 00:00:00 GMT+0300 (Arabian Standard Time)|Wed Mar 18 2026 00:00:00 GMT+0300 (Arabian Standard Time)
1,share,2,56943368-365d-403a-b29e-a1fdb558c9b0|fb3891a4-7be7-45af-bed3-84b096b84d85,Wed Mar 18 2026 00:00:00 GMT+0300 (Arabian Standard Time)|Wed Mar 18 2026 00:00:00 GMT+0300 (Arabian Standard Time)
1,combine,2,1800836a-042f-4cd9-88da-ea7b25c1c2cd|75c14be7-7c19-4b7a-b450-78868a817af1,Tue Mar 17 2026 00:00:00 GMT+0300 (Arabian Standard Time)|Wed Mar 18 2026 00:00:00 GMT+0300 (Arabian Standard Time)
1,quickly,2,899b5969-41bd-47e1-b19a-7dc091b04069|c3eacfb9-7c7e-4bd3-b268-9d26845b0d73,Wed Mar 18 2026 00:00:00 GMT+0300 (Arabian Standard Time)|Wed Mar 18 2026 00:00:00 GMT+0300 (Arabian Standard Time)
1,practice,2,29037f3d-ddae-4fbf-99f7-8c4f9e406b75|4c7c4abb-67d9-4ccd-9d2f-56212269c66b,Wed Mar 18 2026 00:00:00 GMT+0300 (Arabian Standard Time)|Wed Mar 18 2026 00:00:00 GMT+0300 (Arabian Standard Time)
1,inspire,2,33b96ee8-59a0-4c0f-91b1-f5eafc235b38|978dece7-0213-466b-9c99-323e23998633,Wed Mar 18 2026 00:00:00 GMT+0300 (Arabian Standard Time)|Wed Mar 18 2026 00:00:00 GMT+0300 (Arabian Standard Time)
1,common,2,9df3913f-27f4-4d73-b6b1-c75aa80036c0|29129ad1-891b-445a-9d27-e9da3fa038f1,Wed Mar 18 2026 00:00:00 GMT+0300 (Arabian Standard Time)|Wed Mar 18 2026 00:00:00 GMT+0300 (Arabian Standard Time)
1,improve,2,8a0efca7-7a43-4e68-9327-95442d682cf2|326b335f-2c83-4f18-8658-0f8e0d34d4ae,Wed Mar 18 2026 00:00:00 GMT+0300 (Arabian Standard Time)|Wed Mar 18 2026 00:00:00 GMT+0300 (Arabian Standard Time)
1,important,2,69426f58-5045-4d17-b54d-3ac2a790020d|fda4afd8-7217-47d5-9c2e-b5174b5f4ec6,Wed Mar 18 2026 00:00:00 GMT+0300 (Arabian Standard Time)|Wed Mar 18 2026 00:00:00 GMT+0300 (Arabian Standard Time)
1,glow,2,fe767f6b-f137-479a-b66a-0b7230431597|268f2c29-5908-4be9-9385-25dd91d85386,Wed Mar 18 2026 00:00:00 GMT+0300 (Arabian Standard Time)|Wed Mar 18 2026 00:00:00 GMT+0300 (Arabian Standard Time)
1,explore,2,84150772-7dc0-4fca-b60d-417c8009c26e|d1bdfd11-8cc9-4ac0-ad5f-bfb737b711f2,Wed Mar 18 2026 00:00:00 GMT+0300 (Arabian Standard Time)|Wed Mar 18 2026 00:00:00 GMT+0300 (Arabian Standard Time)
1,enormous,2,a891ea78-d0b6-4613-b34e-a827cb6833ae|4023d5af-4e05-44ea-856e-94eb99929abd,Wed Mar 18 2026 00:00:00 GMT+0300 (Arabian Standard Time)|Wed Mar 18 2026 00:00:00 GMT+0300 (Arabian Standard Time)
1,convenient,2,7d979187-c774-463d-97b3-8c655e81ffab|b5aaea0c-d41e-4357-828e-ccf2ce399899,Wed Mar 18 2026 00:00:00 GMT+0300 (Arabian Standard Time)|Wed Mar 18 2026 00:00:00 GMT+0300 (Arabian Standard Time)
1,sustainable,2,f77a3cf9-efd4-457e-af75-5839060abc55|a588fd2e-0adf-4cb8-b54f-5fba9d477a18,Wed Mar 18 2026 00:00:00 GMT+0300 (Arabian Standard Time)|Wed Mar 18 2026 00:00:00 GMT+0300 (Arabian Standard Time)
1,train,2,323ae254-2797-4520-88c1-be00cadecadb|ee55e519-a839-4669-8ae1-5c0e97be7e06,Wed Mar 18 2026 00:00:00 GMT+0300 (Arabian Standard Time)|Wed Mar 18 2026 00:00:00 GMT+0300 (Arabian Standard Time)
1,transport,2,0bf315ca-dc9b-4aa3-9cc6-f8e8538ab738|76aa792f-1ab7-45c0-b95d-040b5c1d93b1,Wed Mar 18 2026 00:00:00 GMT+0300 (Arabian Standard Time)|Wed Mar 18 2026 00:00:00 GMT+0300 (Arabian Standard Time)
1,travel,2,c80c0974-1903-4bc0-bab8-ce12aae5fb24|8ce7d81d-296e-4b54-873f-139b16d3be33,Wed Mar 18 2026 00:00:00 GMT+0300 (Arabian Standard Time)|Wed Mar 18 2026 00:00:00 GMT+0300 (Arabian Standard Time)
1,treat,2,9aa15b37-4468-4a20-bbf4-a8cf85a662ec|e9fc9bf6-718c-4a20-a53a-8576bc211a0a,Wed Mar 18 2026 00:00:00 GMT+0300 (Arabian Standard Time)|Wed Mar 18 2026 00:00:00 GMT+0300 (Arabian Standard Time)
1,wonderful,2,e7011fba-c1de-49ee-bee2-34e09418b68f|77803b9f-f722-492b-971c-bcda05362306,Tue Mar 17 2026 00:00:00 GMT+0300 (Arabian Standard Time)|Wed Mar 18 2026 00:00:00 GMT+0300 (Arabian Standard Time)
1,dramatic,2,ec0986b5-a61c-41a6-8923-cd938e111bd2|7b9f8c45-5cb6-4618-baa3-94678151c748,Wed Mar 18 2026 00:00:00 GMT+0300 (Arabian Standard Time)|Wed Mar 18 2026 00:00:00 GMT+0300 (Arabian Standard Time)
1,discover,2,e49fbd55-e068-4ad0-be76-d74dcd7a7041|5ea74683-e166-4c27-a89b-3f6a79166296,Wed Mar 18 2026 00:00:00 GMT+0300 (Arabian Standard Time)|Wed Mar 18 2026 00:00:00 GMT+0300 (Arabian Standard Time)
1,beautiful,2,8d48a8ac-43f7-4d40-b70f-9f87b6b747fc|6b3683aa-3907-4a46-b73c-f31193887330,Tue Mar 17 2026 00:00:00 GMT+0300 (Arabian Standard Time)|Wed Mar 18 2026 00:00:00 GMT+0300 (Arabian Standard Time)
1,brave,2,4e2d4470-8cb5-4269-9d4f-bcf5ceb437e8|66e30f39-c145-4e21-9fe0-fb903a8dc693,Wed Mar 18 2026 00:00:00 GMT+0300 (Arabian Standard Time)|Wed Mar 18 2026 00:00:00 GMT+0300 (Arabian Standard Time)
1,bright,2,a856017f-1a44-48f5-9b35-45bee46b5ada|36dc8413-743f-4737-ba3c-6abc9b30e0fe,Tue Mar 17 2026 00:00:00 GMT+0300 (Arabian Standard Time)|Wed Mar 18 2026 00:00:00 GMT+0300 (Arabian Standard Time)
2,concentrate,2,51e5b274-bc25-4129-9b90-b8b83a25ecb1|499e1624-bab8-43da-a0c6-cf9d39ed1200,Wed Mar 18 2026 00:00:00 GMT+0300 (Arabian Standard Time)|Wed Mar 18 2026 00:00:00 GMT+0300 (Arabian Standard Time)
2,breathtaking,2,d2bbf69d-ecca-4e56-8675-438f1cfdb62b|958db3e5-a927-4a2a-9225-af708f124284,Wed Mar 18 2026 00:00:00 GMT+0300 (Arabian Standard Time)|Wed Mar 18 2026 00:00:00 GMT+0300 (Arabian Standard Time)
2,collaborate,2,2313a1b4-8c57-44a3-95f4-a38ff5c64201|5fcf34b9-080d-4490-aa63-4696b6a1037a,Wed Mar 18 2026 00:00:00 GMT+0300 (Arabian Standard Time)|Wed Mar 18 2026 00:00:00 GMT+0300 (Arabian Standard Time)
2,conservation,2,ce0f1837-a909-4447-b552-7279571aefb0|40e1cd18-dcd4-472a-b43e-1f73443a3432,Wed Mar 18 2026 00:00:00 GMT+0300 (Arabian Standard Time)|Wed Mar 18 2026 00:00:00 GMT+0300 (Arabian Standard Time)
2,creating,2,d0bec07b-0395-4dac-b9f2-8248ced14659|444715ca-ebf4-4fd3-83e4-7e965b4bb525,Wed Mar 18 2026 00:00:00 GMT+0300 (Arabian Standard Time)|Wed Mar 18 2026 00:00:00 GMT+0300 (Arabian Standard Time)
2,disconnect,2,a0c3e64c-d482-41ec-95c0-f5fab00336f2|563642af-c888-442e-98fd-1ed1c344ddf8,Wed Mar 18 2026 00:00:00 GMT+0300 (Arabian Standard Time)|Wed Mar 18 2026 00:00:00 GMT+0300 (Arabian Standard Time)
2,expanding,2,5d719d6c-f1fa-48e5-8ac0-c5b9f30651dc|51ba149c-2196-4d39-bee8-ef0816d10d84,Wed Mar 18 2026 00:00:00 GMT+0300 (Arabian Standard Time)|Wed Mar 18 2026 00:00:00 GMT+0300 (Arabian Standard Time)
2,explore,2,210f21c4-1ab5-4a95-8c5b-d0a217c8e14b|cad4d406-0941-4a6c-86f7-28446cb3f81b,Wed Mar 18 2026 00:00:00 GMT+0300 (Arabian Standard Time)|Wed Mar 18 2026 00:00:00 GMT+0300 (Arabian Standard Time)
2,impact,2,1f488c52-74f5-4dad-b740-ebaf9852ead0|2bd0517d-2991-4361-a387-ebc5ba0ad8ee,Wed Mar 18 2026 00:00:00 GMT+0300 (Arabian Standard Time)|Wed Mar 18 2026 00:00:00 GMT+0300 (Arabian Standard Time)
2,implementing,2,eb2e5c37-fa22-46cb-ab02-0829cca56a6d|b274a953-5c0d-46e4-8197-9c404cf08ea3,Wed Mar 18 2026 00:00:00 GMT+0300 (Arabian Standard Time)|Wed Mar 18 2026 00:00:00 GMT+0300 (Arabian Standard Time)
2,investing heavily,2,ba4a6d1a-8497-4d8c-afd9-ddf7f7f512c8|6e85c2fb-88ca-40fa-9932-fc8d74477dd5,Wed Mar 18 2026 00:00:00 GMT+0300 (Arabian Standard Time)|Wed Mar 18 2026 00:00:00 GMT+0300 (Arabian Standard Time)
2,process,2,95e38776-9753-4c08-8210-6833cc87b75a|1de6be96-91eb-455c-bb83-3636aab498dd,Wed Mar 18 2026 00:00:00 GMT+0300 (Arabian Standard Time)|Wed Mar 18 2026 00:00:00 GMT+0300 (Arabian Standard Time)
2,reach,2,f9b8e85f-8adb-48e0-816f-685292bf2eaf|6afdff00-cfea-4708-8488-1fa527911c18,Wed Mar 18 2026 00:00:00 GMT+0300 (Arabian Standard Time)|Wed Mar 18 2026 00:00:00 GMT+0300 (Arabian Standard Time)
2,recharge,2,627826d9-5e4f-4455-adf8-2ea51920ad7c|571265a9-dd20-4feb-b38b-aa77d26b4078,Wed Mar 18 2026 00:00:00 GMT+0300 (Arabian Standard Time)|Wed Mar 18 2026 00:00:00 GMT+0300 (Arabian Standard Time)
2,rely on,2,00fc83ac-674b-421a-8684-11e4185d11b6|d4b42bb8-a942-4fc5-9986-0b9467da5248,Wed Mar 18 2026 00:00:00 GMT+0300 (Arabian Standard Time)|Wed Mar 18 2026 00:00:00 GMT+0300 (Arabian Standard Time)
2,running out,2,ac443329-d76c-4daa-9483-eadc2753d271|9c40e618-6149-4dee-9847-ff0c2f937218,Wed Mar 18 2026 00:00:00 GMT+0300 (Arabian Standard Time)|Wed Mar 18 2026 00:00:00 GMT+0300 (Arabian Standard Time)
2,spectacular,2,570eeaf1-f8e4-4876-8719-dc5f9b5c97e6|0ce183ca-6b17-4baf-9abd-986f23f6e794,Wed Mar 18 2026 00:00:00 GMT+0300 (Arabian Standard Time)|Wed Mar 18 2026 00:00:00 GMT+0300 (Arabian Standard Time)
2,thriving,2,55965661-1981-49d0-b772-65645002c72b|01307807-ea75-443d-9d9b-4c799c158aad,Wed Mar 18 2026 00:00:00 GMT+0300 (Arabian Standard Time)|Wed Mar 18 2026 00:00:00 GMT+0300 (Arabian Standard Time)
2,transform,2,a9ee1ba4-d188-48de-8f37-eb7e2b45cf2b|d33877b9-1c74-4631-b71e-b27ae1185a9f,Wed Mar 18 2026 00:00:00 GMT+0300 (Arabian Standard Time)|Wed Mar 18 2026 00:00:00 GMT+0300 (Arabian Standard Time)
2,turning to,2,1d4764b2-49fe-43d1-9d50-ac30312b92e0|76746641-96b5-418f-b0ac-2e64cb0212f7,Wed Mar 18 2026 00:00:00 GMT+0300 (Arabian Standard Time)|Wed Mar 18 2026 00:00:00 GMT+0300 (Arabian Standard Time)
2,uncovering,2,1c8f677d-0eed-4b7e-9b30-dafcb4a50748|78a600af-bd8d-4e7d-ac1c-98fc203d9f72,Wed Mar 18 2026 00:00:00 GMT+0300 (Arabian Standard Time)|Wed Mar 18 2026 00:00:00 GMT+0300 (Arabian Standard Time)
3,fluctuate,2,bad77bd4-811a-4e1c-a880-e751bfa43993|1baefe46-d1b2-49ae-b571-82444901f904,Wed Mar 18 2026 00:00:00 GMT+0300 (Arabian Standard Time)|Wed Mar 18 2026 00:00:00 GMT+0300 (Arabian Standard Time)
3,cope,2,12621ed3-a473-4782-a706-0c41e7224f09|a43e603b-35cb-4bd1-824d-5322a65ec26b,Wed Mar 18 2026 00:00:00 GMT+0300 (Arabian Standard Time)|Wed Mar 18 2026 00:00:00 GMT+0300 (Arabian Standard Time)
3,detect,2,3e45c311-2300-4490-9d64-5ffff9f5d068|ffcb3f4d-535b-49b2-8b92-f5463faeb89a,Wed Mar 18 2026 00:00:00 GMT+0300 (Arabian Standard Time)|Wed Mar 18 2026 00:00:00 GMT+0300 (Arabian Standard Time)
3,distinctive,2,8c686133-ff81-42f3-9c79-1c25547b5e5f|d77768d1-6782-49ba-b115-b975fe3547d3,Wed Mar 18 2026 00:00:00 GMT+0300 (Arabian Standard Time)|Wed Mar 18 2026 00:00:00 GMT+0300 (Arabian Standard Time)
3,embraced,2,f24a246d-c9e8-403f-9591-140f8f6c9129|58ee958c-9f37-470a-959a-66b5061c0d0d,Wed Mar 18 2026 00:00:00 GMT+0300 (Arabian Standard Time)|Wed Mar 18 2026 00:00:00 GMT+0300 (Arabian Standard Time)
3,emphasizes,2,4f5df41b-3be5-4da2-a9cf-9f6fa90aa32a|a0d9cccd-9540-45c7-828a-1c37470a7ef5,Wed Mar 18 2026 00:00:00 GMT+0300 (Arabian Standard Time)|Wed Mar 18 2026 00:00:00 GMT+0300 (Arabian Standard Time)
3,encounter,2,e97753d7-ffa1-49e8-ba8f-a009be8ebca4|82a11622-9bfc-4637-b7e6-049283cacbce,Wed Mar 18 2026 00:00:00 GMT+0300 (Arabian Standard Time)|Wed Mar 18 2026 00:00:00 GMT+0300 (Arabian Standard Time)
3,evolve,2,0e91c28e-8cd7-41e8-b8fe-c2c6dbb704d3|411d5ed6-8f21-4a79-a2e3-a31bf7b65f73,Wed Mar 18 2026 00:00:00 GMT+0300 (Arabian Standard Time)|Wed Mar 18 2026 00:00:00 GMT+0300 (Arabian Standard Time)
3,expand,2,4f84a070-7c70-4173-89a3-0eec2d5abe39|07aa092f-102b-477f-8681-ac7af901fdd7,Wed Mar 18 2026 00:00:00 GMT+0300 (Arabian Standard Time)|Wed Mar 18 2026 00:00:00 GMT+0300 (Arabian Standard Time)
3,feasible,2,a836785e-e45d-4abe-b4b5-dc2c4767caeb|20d70925-eef6-49ad-9d3e-e53a6bf21f2d,Wed Mar 18 2026 00:00:00 GMT+0300 (Arabian Standard Time)|Wed Mar 18 2026 00:00:00 GMT+0300 (Arabian Standard Time)
3,manipulate,2,874198d9-9a40-4be0-8579-31e32a2e94ef|a5b28520-56ba-4ac1-aff8-dfcfa952a1df,Wed Mar 18 2026 00:00:00 GMT+0300 (Arabian Standard Time)|Wed Mar 18 2026 00:00:00 GMT+0300 (Arabian Standard Time)
3,formidable,2,47252d86-ac02-4d21-af10-b34888a101c4|5fc26fc8-036d-4686-b522-ab8b8a57a430,Wed Mar 18 2026 00:00:00 GMT+0300 (Arabian Standard Time)|Wed Mar 18 2026 00:00:00 GMT+0300 (Arabian Standard Time)
3,implemented,2,7801c80c-b5ef-426a-b4cc-2157c03cae2a|74a57c91-1d73-4259-b655-49bebb10cb9e,Wed Mar 18 2026 00:00:00 GMT+0300 (Arabian Standard Time)|Wed Mar 18 2026 00:00:00 GMT+0300 (Arabian Standard Time)
3,implementing,2,c49f5b49-3cb5-4149-a86b-4a19c1ef1f03|304d0303-11cd-4726-b885-c833414b9cca,Wed Mar 18 2026 00:00:00 GMT+0300 (Arabian Standard Time)|Wed Mar 18 2026 00:00:00 GMT+0300 (Arabian Standard Time)
3,participate,2,2b634e74-668a-4805-a37e-bdecc45e8a4d|bd0d2c51-db60-4b30-a72f-4142f3adf09a,Wed Mar 18 2026 00:00:00 GMT+0300 (Arabian Standard Time)|Wed Mar 18 2026 00:00:00 GMT+0300 (Arabian Standard Time)
3,prevalent,2,05fdde88-cc15-4479-a71c-c1fb8e6db7c9|e133f3ef-2118-4c8c-83ad-bf202c389470,Wed Mar 18 2026 00:00:00 GMT+0300 (Arabian Standard Time)|Wed Mar 18 2026 00:00:00 GMT+0300 (Arabian Standard Time)
3,process,2,2e819138-3dae-40b0-a985-ddc3ef3f7f84|b38f49fc-35d7-47ee-8666-c6bbbd9e1094,Wed Mar 18 2026 00:00:00 GMT+0300 (Arabian Standard Time)|Wed Mar 18 2026 00:00:00 GMT+0300 (Arabian Standard Time)
3,supplement,2,9eef870c-1278-4125-a8bf-ea467058a513|882b5577-afb3-466d-b40e-c6cade625f80,Wed Mar 18 2026 00:00:00 GMT+0300 (Arabian Standard Time)|Wed Mar 18 2026 00:00:00 GMT+0300 (Arabian Standard Time)
3,transform,2,e1336c39-aa01-47de-9e85-28d4ba84eff7|55e775db-d957-4bbe-bb9e-7ecf389f9be4,Wed Mar 18 2026 00:00:00 GMT+0300 (Arabian Standard Time)|Wed Mar 18 2026 00:00:00 GMT+0300 (Arabian Standard Time)
3,trigger,2,245bc43d-f8a8-4c7f-9f73-49da29a910ee|f71fe053-d3a2-40f6-8d29-884065404c08,Wed Mar 18 2026 00:00:00 GMT+0300 (Arabian Standard Time)|Wed Mar 18 2026 00:00:00 GMT+0300 (Arabian Standard Time)
3,unprecedented,2,9b0da77b-720d-41fd-9e27-592fa0efc8a7|d592a69a-eca2-4d09-b61f-0760912c701e,Wed Mar 18 2026 00:00:00 GMT+0300 (Arabian Standard Time)|Wed Mar 18 2026 00:00:00 GMT+0300 (Arabian Standard Time)
3,incorporate,2,267599b9-5c1b-4c8e-bd81-c4b119b9b49d|4be72c94-49d8-45de-a3e4-7bf1597f8aee,Wed Mar 18 2026 00:00:00 GMT+0300 (Arabian Standard Time)|Wed Mar 18 2026 00:00:00 GMT+0300 (Arabian Standard Time)
3,utilize,2,afb02776-0ff1-4c11-8151-b8432c07b95a|083e56c0-df36-4097-8a8e-0582ddea78b8,Wed Mar 18 2026 00:00:00 GMT+0300 (Arabian Standard Time)|Wed Mar 18 2026 00:00:00 GMT+0300 (Arabian Standard Time)
3,viable,2,69e21367-6894-4b81-8971-9c05ec156cd2|cf983158-2ce7-412b-9e0c-49d5afdbce1d,Wed Mar 18 2026 00:00:00 GMT+0300 (Arabian Standard Time)|Wed Mar 18 2026 00:00:00 GMT+0300 (Arabian Standard Time)
3,innovative,2,3c77cb9b-3d8b-42c1-8382-70fa95364bf4|657f782c-1b94-419b-99d8-2182d66b82cf,Wed Mar 18 2026 00:00:00 GMT+0300 (Arabian Standard Time)|Wed Mar 18 2026 00:00:00 GMT+0300 (Arabian Standard Time)
3,integral,2,640d8946-a5b7-4e24-b80f-884775edccb0|85b9074f-6556-44f8-9dd1-4f380341c49a,Wed Mar 18 2026 00:00:00 GMT+0300 (Arabian Standard Time)|Wed Mar 18 2026 00:00:00 GMT+0300 (Arabian Standard Time)
3,address,2,4e6406cd-72c3-4bbc-bebe-56e0c9fe94f5|ebcd74f6-c264-4700-9411-5b691026f9c6,Wed Mar 18 2026 00:00:00 GMT+0300 (Arabian Standard Time)|Wed Mar 18 2026 00:00:00 GMT+0300 (Arabian Standard Time)
3,ambitious,2,76389db2-fb49-4d79-8c8b-b24eab4453ab|699e9403-60f7-4486-b03e-5b4ba40d472a,Wed Mar 18 2026 00:00:00 GMT+0300 (Arabian Standard Time)|Wed Mar 18 2026 00:00:00 GMT+0300 (Arabian Standard Time)
4,embody,2,c09d98da-2c97-4e3d-b53f-7d4a3337d890|477a0580-993b-4b61-8918-edcd6f03afa2,Wed Mar 18 2026 00:00:00 GMT+0300 (Arabian Standard Time)|Thu Mar 19 2026 00:00:00 GMT+0300 (Arabian Standard Time)
4,resilience,2,7db35ba4-697b-4126-be6b-77583c0de0ee|34f35247-d5f0-4558-8a8e-bfda09c7a020,Wed Mar 18 2026 00:00:00 GMT+0300 (Arabian Standard Time)|Thu Mar 19 2026 00:00:00 GMT+0300 (Arabian Standard Time)
4,revolutionize,2,36c42d22-ad5c-473c-8dd1-93e4244d5e39|e98c0f2c-67c9-4579-ab06-074f48aee579,Wed Mar 18 2026 00:00:00 GMT+0300 (Arabian Standard Time)|Thu Mar 19 2026 00:00:00 GMT+0300 (Arabian Standard Time)
4,revolutionized,2,ff973381-0f1e-41ee-8ee3-778326681dab|64de7e4c-3f98-46cd-9d5c-1c88362bbd46,Wed Mar 18 2026 00:00:00 GMT+0300 (Arabian Standard Time)|Wed Mar 18 2026 00:00:00 GMT+0300 (Arabian Standard Time)
4,constitute,2,492b1ea9-bbed-4a19-9a26-b7acad316266|59035489-e432-4890-8834-e2812b5081ed,Wed Mar 18 2026 00:00:00 GMT+0300 (Arabian Standard Time)|Wed Mar 18 2026 00:00:00 GMT+0300 (Arabian Standard Time)
4,rigorous,2,d781935d-a46b-46db-92c9-e6c37de7548b|2622bf34-f8a4-4199-bca5-5599b18f5d80,Wed Mar 18 2026 00:00:00 GMT+0300 (Arabian Standard Time)|Wed Mar 18 2026 00:00:00 GMT+0300 (Arabian Standard Time)
4,trajectory,2,7e41c481-2a73-43ed-925d-fbd3eaa98154|5dcd45c5-fd84-41fa-9c4e-a8061ae7e2f5,Thu Mar 19 2026 00:00:00 GMT+0300 (Arabian Standard Time)|Thu Mar 19 2026 00:00:00 GMT+0300 (Arabian Standard Time)
4,efficiency,2,7fec87ae-a49e-4278-a95f-52f6c329177d|bc10fc1a-b5e7-4149-a924-2faa14daf71f,Wed Mar 18 2026 00:00:00 GMT+0300 (Arabian Standard Time)|Wed Mar 18 2026 00:00:00 GMT+0300 (Arabian Standard Time)
4,autonomy,2,dca14b41-db7d-4bea-ba4a-963d2092a824|b5c7c117-3a86-4b0a-9064-f8a463ea90d5,Wed Mar 18 2026 00:00:00 GMT+0300 (Arabian Standard Time)|Wed Mar 18 2026 00:00:00 GMT+0300 (Arabian Standard Time)
4,demographic,2,7252bc0e-68ab-4f65-9ce0-6db188ee9cbc|e99004d9-7d12-4d1f-81c1-e12494db6d5d,Wed Mar 18 2026 00:00:00 GMT+0300 (Arabian Standard Time)|Wed Mar 18 2026 00:00:00 GMT+0300 (Arabian Standard Time)
4,stimulate,2,db30b966-8eb3-48c4-b530-4b7e4c01b751|8c8eda86-94b9-4827-8738-ed767f0e01c9,Thu Mar 19 2026 00:00:00 GMT+0300 (Arabian Standard Time)|Thu Mar 19 2026 00:00:00 GMT+0300 (Arabian Standard Time)
4,crucial,2,96d79398-202f-4050-b5b0-fad70e05847b|1fe528fe-454c-4398-a8ea-84af7d18b66e,Wed Mar 18 2026 00:00:00 GMT+0300 (Arabian Standard Time)|Wed Mar 18 2026 00:00:00 GMT+0300 (Arabian Standard Time)
4,substantiate,2,586b8bb0-6627-4298-968b-cab9d35bc5fe|8b08ddb8-1bc5-47da-99c7-d05f1148f913,Wed Mar 18 2026 00:00:00 GMT+0300 (Arabian Standard Time)|Thu Mar 19 2026 00:00:00 GMT+0300 (Arabian Standard Time)
4,attribute,2,28c4526a-0708-4319-8fe6-aee042da37ee|907244c7-2755-4981-8dd1-9c4b60ef484a,Wed Mar 18 2026 00:00:00 GMT+0300 (Arabian Standard Time)|Thu Mar 19 2026 00:00:00 GMT+0300 (Arabian Standard Time)
4,adapted,2,17be496b-cbc6-4a47-a70d-5a06723d2458|e0af59a3-0fc4-4a4a-b657-c77a9467ba0c,Wed Mar 18 2026 00:00:00 GMT+0300 (Arabian Standard Time)|Wed Mar 18 2026 00:00:00 GMT+0300 (Arabian Standard Time)
4,synthesize,2,dfb70fec-c145-485f-b16e-56ee33989022|bb14c07c-6d52-4b27-9837-4d3a2167ab02,Wed Mar 18 2026 00:00:00 GMT+0300 (Arabian Standard Time)|Thu Mar 19 2026 00:00:00 GMT+0300 (Arabian Standard Time)
4,tangible,2,e9e9939a-aed9-4d48-8b68-999144c408b5|bf76372b-f666-4c70-a7fa-76d2779e8c51,Wed Mar 18 2026 00:00:00 GMT+0300 (Arabian Standard Time)|Thu Mar 19 2026 00:00:00 GMT+0300 (Arabian Standard Time)
4,versatility,2,1376219c-dcc3-4e89-9e61-88d765b9a5b7|1a75179f-0aa8-4f4d-8c06-ef8e5814e30e,Wed Mar 18 2026 00:00:00 GMT+0300 (Arabian Standard Time)|Wed Mar 18 2026 00:00:00 GMT+0300 (Arabian Standard Time)
4,viable,2,00496a21-3626-4cb8-af9f-5f3e46dbc670|5adedb26-237f-4929-a5ab-7aa577c66bdb,Wed Mar 18 2026 00:00:00 GMT+0300 (Arabian Standard Time)|Thu Mar 19 2026 00:00:00 GMT+0300 (Arabian Standard Time)
4,catalyzed,2,71def0fd-8112-4fe7-8c9b-4424bdf637fc|3800b9b2-921e-4cbc-b5cd-f0840398a0f9,Wed Mar 18 2026 00:00:00 GMT+0300 (Arabian Standard Time)|Wed Mar 18 2026 00:00:00 GMT+0300 (Arabian Standard Time)
4,integration,2,9f9283e3-01ea-4237-b8eb-b9b07ac0e268|fcb6da90-0154-4a78-82ee-6b516b48062a,Wed Mar 18 2026 00:00:00 GMT+0300 (Arabian Standard Time)|Wed Mar 18 2026 00:00:00 GMT+0300 (Arabian Standard Time)
4,optimize,2,543846a4-360a-48a2-a602-407c3e9f9a85|4871003a-805e-40ff-ab92-fadd25db91d6,Wed Mar 18 2026 00:00:00 GMT+0300 (Arabian Standard Time)|Wed Mar 18 2026 00:00:00 GMT+0300 (Arabian Standard Time)
4,integrated,2,199a70c1-9339-463a-8b3a-a5f8998a3d32|13e8b2dd-27cd-4a6d-aa30-1e636f97eaef,Wed Mar 18 2026 00:00:00 GMT+0300 (Arabian Standard Time)|Wed Mar 18 2026 00:00:00 GMT+0300 (Arabian Standard Time)
4,phenomenon,2,620ee64b-c160-49f1-8784-b62b19781586|df123be2-a3ed-48c5-80b7-dee29beca798,Thu Mar 19 2026 00:00:00 GMT+0300 (Arabian Standard Time)|Thu Mar 19 2026 00:00:00 GMT+0300 (Arabian Standard Time)
4,holistic,2,f20678bb-5053-45d2-a414-981ea6c8a8f9|ffcac931-7095-45fc-889e-6e73af5de7f1,Wed Mar 18 2026 00:00:00 GMT+0300 (Arabian Standard Time)|Wed Mar 18 2026 00:00:00 GMT+0300 (Arabian Standard Time)
4,prevalence,2,a8258727-e4dc-4d6c-9fb1-c1994a2f4dd5|e8a1dc7b-b59f-447e-aa50-e7c5cf310672,Wed Mar 18 2026 00:00:00 GMT+0300 (Arabian Standard Time)|Wed Mar 18 2026 00:00:00 GMT+0300 (Arabian Standard Time)
4,prevalent,2,086592a3-313d-4648-b52e-fcc23c663dc5|e6462e06-ba76-434f-9687-0e8e6521cd6f,Wed Mar 18 2026 00:00:00 GMT+0300 (Arabian Standard Time)|Thu Mar 19 2026 00:00:00 GMT+0300 (Arabian Standard Time)
4,exacerbate,2,821a2ea2-bcfe-4897-be44-91156fa249f0|857f3f6f-5e29-44cc-8448-3914432826bb,Wed Mar 18 2026 00:00:00 GMT+0300 (Arabian Standard Time)|Thu Mar 19 2026 00:00:00 GMT+0300 (Arabian Standard Time)
4,evolved,2,cad28abf-ea8d-4037-b49b-4e58e817607f|4689c36f-da6b-4aa4-843d-02cd3fce55ed,Wed Mar 18 2026 00:00:00 GMT+0300 (Arabian Standard Time)|Wed Mar 18 2026 00:00:00 GMT+0300 (Arabian Standard Time)
4,evolve,2,7e851d80-b38d-4538-86fa-08c80af8702b|e93dd072-c124-4720-b694-fa14dec0e642,Wed Mar 18 2026 00:00:00 GMT+0300 (Arabian Standard Time)|Thu Mar 19 2026 00:00:00 GMT+0300 (Arabian Standard Time)
5,escalate,2,867f91d1-97c7-4710-9258-6ff85954a838|b8d02b47-3121-4cd5-8997-83e35052d939,Wed Mar 18 2026 00:00:00 GMT+0300 (Arabian Standard Time)|Thu Mar 19 2026 00:00:00 GMT+0300 (Arabian Standard Time)
5,vulnerabilities,2,7cb2afd6-279e-4724-b1ce-1e45fa9996eb|b0c3d94d-6698-4ff9-8a34-5cd2e8d0debe,Wed Mar 18 2026 00:00:00 GMT+0300 (Arabian Standard Time)|Wed Mar 18 2026 00:00:00 GMT+0300 (Arabian Standard Time)
5,undermine,2,87549c3f-69ec-4990-9d11-e83f76a893dc|fb94d310-dfd8-44fb-87ce-7e9168562bee,Thu Mar 19 2026 00:00:00 GMT+0300 (Arabian Standard Time)|Thu Mar 19 2026 00:00:00 GMT+0300 (Arabian Standard Time)
5,synthesis,2,962eb9b3-e980-421d-bf96-57d196b233ed|8545687d-eb3e-45c1-9007-5d08afa24ee5,Wed Mar 18 2026 00:00:00 GMT+0300 (Arabian Standard Time)|Thu Mar 19 2026 00:00:00 GMT+0300 (Arabian Standard Time)
5,substantiate,2,d66fa3d3-e302-48bf-a5e1-eea5a69749d5|c0e4f920-f307-41a2-9622-a5926b5d4e90,Thu Mar 19 2026 00:00:00 GMT+0300 (Arabian Standard Time)|Thu Mar 19 2026 00:00:00 GMT+0300 (Arabian Standard Time)
5,stringent,2,e368c082-6fb3-4863-b4ae-e6796ccc4d46|de9b7e8e-a6ad-4325-8b75-958df75ab73f,Thu Mar 19 2026 00:00:00 GMT+0300 (Arabian Standard Time)|Thu Mar 19 2026 00:00:00 GMT+0300 (Arabian Standard Time)
5,stewardship,2,931494cc-bebe-42be-af66-d0df02950381|b3f9e23c-7d68-4634-973e-23a607729f6a,Wed Mar 18 2026 00:00:00 GMT+0300 (Arabian Standard Time)|Wed Mar 18 2026 00:00:00 GMT+0300 (Arabian Standard Time)
5,sophisticated,2,bf0a2f9e-bce6-43a0-801e-238d525889ec|b6e803ee-bc3a-4689-89bd-6be909ec3cdf,Wed Mar 18 2026 00:00:00 GMT+0300 (Arabian Standard Time)|Thu Mar 19 2026 00:00:00 GMT+0300 (Arabian Standard Time)
5,revolutionize,2,b4689562-736c-423e-82ae-190d3fba7054|216f03b5-e76b-4eb9-ad82-f96c46afec78,Wed Mar 18 2026 00:00:00 GMT+0300 (Arabian Standard Time)|Wed Mar 18 2026 00:00:00 GMT+0300 (Arabian Standard Time)
5,revolutionary,2,4d79ada3-e351-4c78-bd19-d78fa9bd15de|a56eb22a-3c1d-4898-a826-21783c9332ba,Wed Mar 18 2026 00:00:00 GMT+0300 (Arabian Standard Time)|Wed Mar 18 2026 00:00:00 GMT+0300 (Arabian Standard Time)
5,precipitate,2,a4382254-cb28-4f01-b7f3-c1c7d7a151d1|26361c42-7b1f-45ab-8671-cbedb2d38dc8,Wed Mar 18 2026 00:00:00 GMT+0300 (Arabian Standard Time)|Thu Mar 19 2026 00:00:00 GMT+0300 (Arabian Standard Time)
5,poignant,2,a9a56f5b-6a70-432a-9e30-f65fc36b1ae8|3e31a109-51b2-48f7-b46b-ec502417eb43,Wed Mar 18 2026 00:00:00 GMT+0300 (Arabian Standard Time)|Wed Mar 18 2026 00:00:00 GMT+0300 (Arabian Standard Time)
5,phenomenon,2,42781d18-ecff-4720-b50b-e1c24c0b95a2|2949eb4e-7cd8-4b6e-bd55-248c60a4db7e,Wed Mar 18 2026 00:00:00 GMT+0300 (Arabian Standard Time)|Wed Mar 18 2026 00:00:00 GMT+0300 (Arabian Standard Time)
5,permeate,2,5b44f3a7-52f5-46cd-9670-f2eb903438cc|73d4ba52-7464-49f5-82fc-a5a6dcb4b449,Wed Mar 18 2026 00:00:00 GMT+0300 (Arabian Standard Time)|Thu Mar 19 2026 00:00:00 GMT+0300 (Arabian Standard Time)
5,paradoxical,2,c8cfa1ee-50b9-48ec-9b19-d02aa1a6bdcb|c4164326-1bf0-4037-bdb3-bfb2bdbb364a,Wed Mar 18 2026 00:00:00 GMT+0300 (Arabian Standard Time)|Wed Mar 18 2026 00:00:00 GMT+0300 (Arabian Standard Time)
5,paradox,2,11886b32-9021-42fe-b1a5-05d04bbbb505|2386a95d-7602-49c1-93dd-a7dae568165a,Wed Mar 18 2026 00:00:00 GMT+0300 (Arabian Standard Time)|Wed Mar 18 2026 00:00:00 GMT+0300 (Arabian Standard Time)
5,optimize,2,0e79639d-e73f-4dc1-afac-6bc47115fabf|71bb74ac-bf24-4958-bb64-f0beccd3eff1,Wed Mar 18 2026 00:00:00 GMT+0300 (Arabian Standard Time)|Wed Mar 18 2026 00:00:00 GMT+0300 (Arabian Standard Time)
5,intrinsic,2,5f25a20d-383c-4209-81a1-eae6cb78fb78|e0dd7d2f-c31b-433e-868d-9579a3b8daf2,Thu Mar 19 2026 00:00:00 GMT+0300 (Arabian Standard Time)|Thu Mar 19 2026 00:00:00 GMT+0300 (Arabian Standard Time)
5,intractable,2,7b68563d-0ce0-48e3-bdf0-0c816d501744|8748548a-695d-41f5-a8bd-77d8d8542135,Wed Mar 18 2026 00:00:00 GMT+0300 (Arabian Standard Time)|Thu Mar 19 2026 00:00:00 GMT+0300 (Arabian Standard Time)
5,insurmountable,2,4103b8a5-ccdf-47c3-9798-4bf4039c4c1d|c7ee55ab-012f-4b9b-b2fe-e1bb63c6949c,Wed Mar 18 2026 00:00:00 GMT+0300 (Arabian Standard Time)|Wed Mar 18 2026 00:00:00 GMT+0300 (Arabian Standard Time)
5,dichotomy,2,59201310-fbeb-4a72-93ab-57631533f554|7d618d50-0ed5-421d-ab2a-f255bd0288a9,Wed Mar 18 2026 00:00:00 GMT+0300 (Arabian Standard Time)|Wed Mar 18 2026 00:00:00 GMT+0300 (Arabian Standard Time)
5,amplify,2,9b64ec89-c075-4212-82df-d4effb15063f|635fdce0-b4e3-4495-a16b-0e3a2e90866b,Wed Mar 18 2026 00:00:00 GMT+0300 (Arabian Standard Time)|Thu Mar 19 2026 00:00:00 GMT+0300 (Arabian Standard Time)
5,innovations,2,4e3f940a-8efb-449a-bf95-dd97eac411aa|e3b88e04-8917-486d-b9b8-014556b525fd,Wed Mar 18 2026 00:00:00 GMT+0300 (Arabian Standard Time)|Wed Mar 18 2026 00:00:00 GMT+0300 (Arabian Standard Time)
5,debunk,2,bccd2200-04a7-45d8-a741-31d750bbd52e|2f91e2e3-9b52-4d30-a75c-2dbb74443350,Wed Mar 18 2026 00:00:00 GMT+0300 (Arabian Standard Time)|Thu Mar 19 2026 00:00:00 GMT+0300 (Arabian Standard Time)
5,contentious,2,887743c0-a1ae-485d-af40-914983cdef95|fe265245-3be9-4d5c-9fee-115c1ab5fe7c,Thu Mar 19 2026 00:00:00 GMT+0300 (Arabian Standard Time)|Thu Mar 19 2026 00:00:00 GMT+0300 (Arabian Standard Time)
5,coherence,2,3325178f-bedf-4a99-88e9-2c238653242b|b0168e6f-8962-4c4d-8dda-e88734a56ed9,Wed Mar 18 2026 00:00:00 GMT+0300 (Arabian Standard Time)|Thu Mar 19 2026 00:00:00 GMT+0300 (Arabian Standard Time)
5,cascading,2,65941717-e9b0-40db-a6c7-30b43ec50a7c|893c2b90-58ec-4767-b2f1-4464640370cd,Wed Mar 18 2026 00:00:00 GMT+0300 (Arabian Standard Time)|Wed Mar 18 2026 00:00:00 GMT+0300 (Arabian Standard Time)
5,inherent,2,203fe7c2-b804-45d8-94f3-f1d6633f00ff|8f807c7f-d70b-4e6e-9395-876177629821,Wed Mar 18 2026 00:00:00 GMT+0300 (Arabian Standard Time)|Wed Mar 18 2026 00:00:00 GMT+0300 (Arabian Standard Time)
5,ingenuity,2,f230b7ac-0380-4777-af6a-659567bcaf7b|20016d96-4385-4c3e-8697-6ae98ccdb57f,Wed Mar 18 2026 00:00:00 GMT+0300 (Arabian Standard Time)|Thu Mar 19 2026 00:00:00 GMT+0300 (Arabian Standard Time)
5,imperative,2,e05452a0-1842-4d3f-a8a8-c7ce1a8ff654|86fc20dc-aeb9-4ded-8e4a-cf3c79a48100,Wed Mar 18 2026 00:00:00 GMT+0300 (Arabian Standard Time)|Thu Mar 19 2026 00:00:00 GMT+0300 (Arabian Standard Time)
5,illuminate,2,8b8dc66b-2552-4045-8226-6ba9b0dff099|2f043bba-0030-4173-9805-df5bd736e239,Wed Mar 18 2026 00:00:00 GMT+0300 (Arabian Standard Time)|Wed Mar 18 2026 00:00:00 GMT+0300 (Arabian Standard Time)
5,herald,2,b9a9010a-57ac-4404-bb75-40bf66ab15ba|27e961bd-5a00-4040-af5b-24af60d2cbab,Wed Mar 18 2026 00:00:00 GMT+0300 (Arabian Standard Time)|Wed Mar 18 2026 00:00:00 GMT+0300 (Arabian Standard Time)
5,cascade,2,07f0731b-b65e-4043-bac7-fe8860856c5e|c5e98912-ae2d-4ec2-b4a0-2a9f8befbb15,Wed Mar 18 2026 00:00:00 GMT+0300 (Arabian Standard Time)|Wed Mar 18 2026 00:00:00 GMT+0300 (Arabian Standard Time)
5,audacious,2,4e5f9040-b742-4330-b466-c2f7f98e2549|9f467a26-a190-4155-82dc-699028c1013e,Wed Mar 18 2026 00:00:00 GMT+0300 (Arabian Standard Time)|Thu Mar 19 2026 00:00:00 GMT+0300 (Arabian Standard Time)
5,extrapolated,2,8535af50-a32c-4772-be86-63d24293ef86|5dd36d16-db25-40f2-8e35-4940e906c671,Wed Mar 18 2026 00:00:00 GMT+0300 (Arabian Standard Time)|Wed Mar 18 2026 00:00:00 GMT+0300 (Arabian Standard Time)
5,erode,2,d6826acf-dbfb-46eb-817a-5c07a17b84a2|1a29c63c-8209-420c-997d-0221e8ba11ab,Wed Mar 18 2026 00:00:00 GMT+0300 (Arabian Standard Time)|Thu Mar 19 2026 00:00:00 GMT+0300 (Arabian Standard Time)
5,dogmatic,2,f52edc91-cdc7-4ee7-9d97-3e51b815e037|a0cbd8c8-269d-4638-962e-601a212cf5a0,Wed Mar 18 2026 00:00:00 GMT+0300 (Arabian Standard Time)|Thu Mar 19 2026 00:00:00 GMT+0300 (Arabian Standard Time)
5,discern,2,040ad1d0-14e2-4997-88e2-5ce0493f226e|6fd5b7ae-d6ac-4e40-854e-46196cfb6233,Wed Mar 18 2026 00:00:00 GMT+0300 (Arabian Standard Time)|Wed Mar 18 2026 00:00:00 GMT+0300 (Arabian Standard Time)